timestamp,ax1,ay1,az1,gx1,gy1,gz1,ax2,ay2,az2,gx2,gy2,gz2
0.10671257972717285,-3996.0,-21524.0,-9912.0,-93.0,-64.0,2.0,12108.0,-3000.0,-8104.0,97.0,0.0,84.0
0.19485235214233398,-4088.0,-21492.0,-9956.0,-143.0,221.0,9.0,12044.0,-3040.0,-8088.0,66.0,17.0,27.0
0.29972314834594727,-4308.0,-21664.0,-9716.0,-154.0,221.0,1.0,12128.0,-2888.0,-8024.0,74.0,26.0,-22.0
0.4048309326171875,-4096.0,-21560.0,-9708.0,-101.0,-39.0,-35.0,12000.0,-2952.0,-7956.0,19.0,-12.0,35.0
0.49502038955688477,-4056.0,-21508.0,-9660.0,-193.0,116.0,-137.0,12068.0,-2992.0,-8008.0,54.0,-11.0,34.0
0.6009073257446289,-4032.0,-21516.0,-9556.0,-120.0,-356.0,-181.0,12340.0,-2876.0,-8160.0,198.0,-114.0,141.0
0.7055118083953857,-4284.0,-21788.0,-9588.0,-109.0,-298.0,-84.0,12024.0,-2956.0,-7988.0,84.0,24.0,95.0
0.7942585945129395,-4032.0,-21420.0,-9812.0,-70.0,-202.0,-17.0,12012.0,-3052.0,-7884.0,183.0,-108.0,166.0
0.8992159366607666,-4096.0,-21516.0,-9956.0,-20.0,-653.0,1.0,11792.0,-2876.0,-7952.0,271.0,-488.0,487.0
1.0064609050750732,-3540.0,-21452.0,-9724.0,288.0,-822.0,97.0,11788.0,-2896.0,-7924.0,469.0,-306.0,792.0
1.0982301235198975,-3744.0,-21760.0,-9576.0,56.0,-718.0,76.0,11728.0,-2864.0,-7920.0,443.0,-105.0,705.0
1.2019507884979248,-4052.0,-21576.0,-9524.0,-243.0,-66.0,354.0,11508.0,-2728.0,-7516.0,241.0,77.0,672.0
1.351011037826538,-3920.0,-21484.0,-9032.0,-329.0,-1174.0,-87.0,11748.0,-2728.0,-7552.0,-99.0,-363.0,1184.0
1.413536787033081,-4048.0,-21696.0,-9876.0,-295.0,-1290.0,223.0,11128.0,-2596.0,-7700.0,-316.0,-124.0,1114.0
1.5304322242736816,-3492.0,-21444.0,-10264.0,32.0,-1298.0,1217.0,11248.0,-2792.0,-7860.0,284.0,-229.0,1091.0
1.6515419483184814,-4180.0,-21312.0,-9668.0,42.0,-333.0,1944.0,11120.0,-2488.0,-7544.0,465.0,-741.0,1341.0
1.7089524269104004,-4332.0,-21548.0,-9760.0,360.0,-1173.0,1840.0,10996.0,-2272.0,-7452.0,883.0,-831.0,1834.0
1.8912148475646973,-4944.0,-21088.0,-9784.0,858.0,-1292.0,1822.0,10464.0,-1880.0,-7328.0,661.0,-424.0,1624.0
1.950181484222412,-4724.0,-21388.0,-9596.0,1466.0,-2110.0,2040.0,10952.0,-2248.0,-7356.0,1294.0,-893.0,1188.0
2.0125362873077393,-5064.0,-21732.0,-9116.0,1482.0,189.0,2461.0,10668.0,-2208.0,-6924.0,1222.0,2607.0,387.0
2.129607915878296,-3136.0,-23424.0,-7140.0,2838.0,295.0,1267.0,13228.0,-5612.0,-5756.0,1949.0,2985.0,26.0
2.2526695728302,72.0,-23004.0,-8768.0,-31.0,-1554.0,-7054.0,12424.0,-7164.0,-10824.0,1620.0,2918.0,5500.0
2.3118791580200195,-1152.0,-23004.0,-9296.0,-6236.0,-4697.0,-13562.0,10360.0,-4976.0,-12740.0,-6727.0,-4317.0,6190.0
2.4383580684661865,964.0,-21692.0,-10444.0,-4739.0,-11005.0,-12055.0,11720.0,-4000.0,-8596.0,-14081.0,-6253.0,-2109.0
2.553114652633667,1320.0,-19908.0,-12032.0,-9236.0,-2920.0,-9709.0,8892.0,-2784.0,-11396.0,-14334.0,6528.0,-6259.0
2.6105690002441406,5936.0,-19128.0,-14780.0,-8128.0,-4683.0,-9693.0,9372.0,-7020.0,-12940.0,-8814.0,10592.0,-5900.0
2.7902300357818604,3596.0,-19628.0,-15432.0,-11743.0,14217.0,-7436.0,8924.0,-3716.0,-10896.0,1385.0,16094.0,-1162.0
2.853410482406616,-176.0,-20212.0,-12796.0,-9072.0,18825.0,340.0,2264.0,2488.0,-12144.0,9117.0,18374.0,2067.0
2.970289945602417,1004.0,-19304.0,-12316.0,-1166.0,7343.0,7808.0,1340.0,-1528.0,-11316.0,9186.0,2661.0,12088.0
3.029043674468994,948.0,-22232.0,-11736.0,-303.0,5922.0,11930.0,540.0,-4084.0,-11988.0,8196.0,-5278.0,18926.0
3.209252119064331,416.0,-24500.0,-11732.0,883.0,2704.0,10268.0,6220.0,-2880.0,-10916.0,10259.0,-3274.0,17981.0
3.209259033203125,1292.0,-21300.0,-10492.0,-1981.0,-621.0,3742.0,6808.0,1472.0,-12852.0,1787.0,3761.0,8895.0
3.391767978668213,1840.0,-21964.0,-12532.0,4962.0,-5406.0,-4761.0,9964.0,2104.0,-13976.0,-7826.0,-9371.0,-7570.0
3.4508750438690186,2700.0,-21804.0,-13724.0,-412.0,-8067.0,-11417.0,7972.0,-4768.0,-13228.0,-13731.0,4180.0,-21443.0
3.5091888904571533,6840.0,-23032.0,-13784.0,-8085.0,149.0,-14583.0,2748.0,-10428.0,-14732.0,-9518.0,15283.0,-18989.0
3.629183292388916,6600.0,-19448.0,-13188.0,-4648.0,161.0,-12963.0,2112.0,-3804.0,-16308.0,-143.0,25454.0,-7459.0
3.7493298053741455,1532.0,-17028.0,-12448.0,-1795.0,3405.0,-2472.0,7388.0,2572.0,-15216.0,2594.0,5468.0,-761.0
3.81516695022583,4164.0,-17508.0,-13244.0,2508.0,-2161.0,4747.0,6552.0,1104.0,-16024.0,1567.0,-8384.0,502.0
3.9295125007629395,6072.0,-19680.0,-12900.0,4751.0,-3141.0,11298.0,14724.0,-5000.0,-16224.0,414.0,-32768.0,-3862.0
4.049272298812866,13028.0,-18256.0,-15528.0,5220.0,-7833.0,1863.0,11664.0,-10268.0,-17252.0,675.0,-3169.0,2033.0
4.1089184284210205,5328.0,-19128.0,-13512.0,-8188.0,9833.0,-4916.0,15864.0,-5056.0,-15468.0,-928.0,808.0,331.0
4.231303691864014,9860.0,-19680.0,-14144.0,132.0,-1105.0,-7983.0,13820.0,-10260.0,-11984.0,-999.0,4150.0,-1690.0
4.351680755615234,8996.0,-17892.0,-11208.0,-6535.0,7952.0,-13666.0,11356.0,-7140.0,-14148.0,1158.0,17293.0,2253.0
4.470399856567383,5428.0,-15460.0,-13336.0,-4468.0,-35.0,-11113.0,6592.0,2384.0,-20084.0,-5436.0,19694.0,3301.0
4.589400053024292,5016.0,-10768.0,-18240.0,-460.0,-6114.0,-156.0,5428.0,3236.0,-17920.0,-6138.0,5149.0,9055.0
4.6511006355285645,12880.0,-14972.0,-15200.0,-6899.0,-562.0,4237.0,19552.0,-9720.0,-15172.0,1593.0,-8060.0,977.0
4.7700724601745605,6600.0,-12064.0,-17924.0,-5545.0,2680.0,2434.0,4964.0,2844.0,-18248.0,1754.0,-3554.0,-2428.0
4.829375982284546,9624.0,-16964.0,-16356.0,836.0,3290.0,5337.0,11380.0,-7056.0,-16068.0,1881.0,-3379.0,2245.0
4.9510955810546875,6112.0,-15420.0,-13248.0,-3857.0,5542.0,1346.0,7056.0,52.0,-15616.0,3556.0,-603.0,-53.0
5.010087728500366,3484.0,-16540.0,-13092.0,5248.0,7695.0,8531.0,4052.0,2820.0,-13084.0,6843.0,-18460.0,-801.0
5.129735469818115,3416.0,-18320.0,-10592.0,8524.0,6176.0,18289.0,4144.0,712.0,-13016.0,10062.0,-20863.0,2103.0
5.25001859664917,2128.0,-24472.0,-10004.0,370.0,1915.0,20771.0,2868.0,-5952.0,-6636.0,9899.0,-16416.0,7657.0
5.310075044631958,1820.0,-25836.0,-8136.0,789.0,-788.0,18621.0,-40.0,-9064.0,-5332.0,9269.0,-1353.0,25608.0
5.430551290512085,-808.0,-23772.0,-12284.0,2751.0,-3657.0,12239.0,5692.0,-5380.0,-3580.0,15262.0,-308.0,28871.0
5.548945665359497,-2564.0,-20832.0,-11436.0,-752.0,15392.0,6384.0,11404.0,4336.0,-6480.0,27812.0,2570.0,14888.0
5.668829679489136,-5608.0,-21632.0,-10476.0,-1955.0,10074.0,-1520.0,9276.0,11828.0,-12432.0,18967.0,10019.0,-2671.0
5.728798151016235,-4128.0,-22628.0,-9680.0,5839.0,10510.0,-6161.0,10120.0,11552.0,-13696.0,905.0,-16958.0,-27020.0
5.848942995071411,-9268.0,-21416.0,-10692.0,8282.0,-3748.0,-9817.0,9244.0,-1120.0,-12960.0,-23981.0,-8960.0,-32768.0
5.910547494888306,-32.0,-19636.0,-14224.0,-3299.0,-13476.0,-17696.0,8000.0,-15568.0,-17260.0,-26190.0,-10145.0,-32768.0
6.03207802772522,7880.0,-23496.0,-10628.0,-14817.0,-3635.0,-18163.0,14320.0,-18240.0,-12408.0,-20537.0,5734.0,-26259.0
6.210535526275635,4068.0,-23436.0,-12080.0,-14558.0,29058.0,-16652.0,8132.0,-10896.0,-10084.0,-9022.0,21651.0,-16018.0
6.210543632507324,-1024.0,-20644.0,-12560.0,-2613.0,5909.0,-5561.0,6664.0,-3524.0,-10568.0,-2054.0,6598.0,-5492.0
6.329428195953369,-820.0,-20092.0,-12112.0,-984.0,-494.0,5293.0,7768.0,-3320.0,-11084.0,519.0,-528.0,4858.0
6.568699836730957,-180.0,-21764.0,-12408.0,110.0,-8234.0,13074.0,7660.0,-7040.0,-12076.0,3216.0,-8086.0,15892.0
6.573871612548828,2632.0,-23996.0,-13368.0,6793.0,-16184.0,17229.0,11096.0,-13136.0,-13280.0,8622.0,-16016.0,22052.0
6.6308135986328125,-84.0,-23080.0,-12156.0,5584.0,-829.0,12109.0,12672.0,-10176.0,-14128.0,13105.0,-5805.0,24444.0
6.755225658416748,-2452.0,-22288.0,-13012.0,2860.0,-170.0,8466.0,10868.0,-3084.0,-14148.0,8226.0,486.0,16974.0
6.809657335281372,-3192.0,-21516.0,-12780.0,308.0,-1864.0,3398.0,11096.0,-124.0,-14440.0,921.0,-1462.0,4541.0
6.929540634155273,-3236.0,-21408.0,-11992.0,-3445.0,-2155.0,-2709.0,10912.0,-68.0,-13732.0,-7499.0,-363.0,-6781.0
7.048786640167236,-2628.0,-22108.0,-13176.0,-3133.0,-5819.0,-5521.0,10852.0,-4872.0,-12836.0,-13479.0,-3809.0,-16881.0
7.113642692565918,1368.0,-22040.0,-12872.0,-4439.0,-3447.0,-7560.0,12164.0,-9688.0,-12128.0,-13181.0,-1458.0,-17829.0
7.290632009506226,1984.0,-23864.0,-12960.0,-4418.0,6193.0,-9708.0,9680.0,-9252.0,-12020.0,-6004.0,4493.0,-11058.0
7.359025478363037,104.0,-22224.0,-13764.0,195.0,1084.0,-5330.0,10596.0,-6004.0,-11712.0,-787.0,2211.0,-3089.0
7.469412803649902,772.0,-20836.0,-13152.0,683.0,6126.0,553.0,7704.0,-4636.0,-13044.0,3288.0,2365.0,2074.0
7.529495477676392,784.0,-21524.0,-12032.0,4806.0,-6411.0,4349.0,13748.0,-5628.0,-12676.0,5828.0,2117.0,7158.0
7.650275945663452,956.0,-21504.0,-12384.0,463.0,6484.0,4165.0,10972.0,-6212.0,-13772.0,6186.0,1634.0,10596.0
7.7106523513793945,1112.0,-21612.0,-12348.0,4479.0,-5950.0,3051.0,10680.0,-6956.0,-12980.0,3581.0,-11212.0,10977.0
7.829792022705078,2140.0,-20768.0,-11644.0,3614.0,-6212.0,-2363.0,10556.0,-5728.0,-12760.0,328.0,-7255.0,9410.0
7.950058937072754,1112.0,-21224.0,-12208.0,-262.0,-1199.0,-6127.0,11008.0,-2064.0,-13420.0,-2012.0,-2004.0,5186.0
8.009812355041504,1664.0,-20008.0,-13388.0,-1019.0,-1659.0,-5306.0,11176.0,-1424.0,-12932.0,-3357.0,684.0,-5489.0
8.19088888168335,2508.0,-19248.0,-15696.0,-5474.0,12847.0,-4398.0,14264.0,-3856.0,-13200.0,5040.0,13221.0,-16784.0
8.252761363983154,2264.0,-20772.0,-8876.0,-12585.0,30530.0,-4391.0,11924.0,-7380.0,-17076.0,10949.0,32767.0,-20305.0
8.36940598487854,220.0,-23116.0,-8208.0,-7195.0,14481.0,-1679.0,-628.0,-5924.0,-12184.0,4551.0,29141.0,-9070.0
8.4296236038208,3856.0,-20320.0,-11388.0,7840.0,-20848.0,-647.0,9512.0,-5500.0,-13620.0,-6031.0,-26502.0,1185.0
8.549505710601807,5844.0,-21136.0,-12200.0,1344.0,-12815.0,-2256.0,14460.0,-10400.0,-14592.0,-6917.0,-24354.0,12205.0
8.610249280929565,6412.0,-20488.0,-13780.0,-4158.0,3011.0,-6286.0,12788.0,-7900.0,-12592.0,-2134.0,4871.0,14331.0
8.735576868057251,5464.0,-20340.0,-16196.0,-5346.0,4064.0,-8215.0,8956.0,-3600.0,-13428.0,964.0,1928.0,5876.0
8.848869323730469,7272.0,-18340.0,-15056.0,-911.0,6945.0,-9121.0,3404.0,-2884.0,-14612.0,2873.0,-5536.0,64.0
8.970333099365234,5840.0,-15676.0,-14324.0,1465.0,2805.0,-10310.0,4148.0,-1820.0,-11964.0,1254.0,18740.0,-825.0
9.088999032974243,3696.0,-15448.0,-12028.0,-4562.0,-6668.0,-6467.0,6572.0,2664.0,-18952.0,-6047.0,28197.0,2329.0
9.149195194244385,7460.0,-13600.0,-15788.0,-5266.0,-16571.0,-996.0,-1116.0,608.0,-20168.0,-11720.0,27923.0,6694.0
9.270545721054077,10248.0,-18496.0,-16048.0,4796.0,1489.0,-1218.0,12316.0,-3572.0,-23912.0,-4355.0,10653.0,3800.0
9.336523532867432,12104.0,-15268.0,-18020.0,8478.0,-4979.0,1366.0,7516.0,-164.0,-23204.0,-7733.0,-6936.0,2769.0
9.449137210845947,9836.0,-16312.0,-17652.0,5719.0,-6355.0,3481.0,5060.0,1604.0,-26732.0,-10625.0,1408.0,2339.0
9.509521722793579,6712.0,-16164.0,-20372.0,11887.0,-5911.0,1243.0,6824.0,64.0,-22260.0,-6437.0,-7886.0,-5294.0
9.629287242889404,8408.0,-16580.0,-19184.0,3057.0,-4976.0,-1178.0,6328.0,1924.0,-26360.0,-6549.0,-7808.0,-5376.0
9.75022006034851,8868.0,-17064.0,-19828.0,6113.0,-2662.0,-368.0,8104.0,1040.0,-27512.0,-3754.0,-4183.0,-4795.0
9.810389995574951,7596.0,-16284.0,-18976.0,4382.0,-1853.0,-1074.0,5972.0,2092.0,-26440.0,-1850.0,-6236.0,-4235.0
9.990421772003174,9572.0,-16652.0,-19992.0,2827.0,-1993.0,-1335.0,6368.0,60.0,-26928.0,-3386.0,-4794.0,-3908.0
10.052215814590454,7340.0,-15616.0,-18572.0,422.0,-804.0,-412.0,7712.0,3368.0,-27656.0,-1266.0,-2232.0,-1775.0
10.168599605560303,8620.0,-16344.0,-18776.0,1547.0,-3511.0,-1225.0,5952.0,1540.0,-26696.0,-1000.0,1001.0,-1995.0
10.229369878768921,8220.0,-15968.0,-19584.0,2649.0,-2985.0,-698.0,6156.0,1120.0,-26808.0,-1318.0,-1515.0,-2251.0
10.4243905544281,8424.0,-15984.0,-19828.0,193.0,998.0,-357.0,5636.0,1536.0,-26928.0,881.0,-2079.0,-647.0
10.425241231918335,8512.0,-16116.0,-19092.0,-118.0,2851.0,-266.0,5524.0,1176.0,-25728.0,3008.0,-2413.0,-473.0
10.533679723739624,7616.0,-16964.0,-17296.0,-223.0,-2695.0,1.0,3904.0,1516.0,-26232.0,-567.0,1754.0,-42.0
10.649230718612671,8148.0,-16288.0,-18496.0,664.0,-246.0,-170.0,5060.0,1664.0,-25608.0,-519.0,-715.0,-1214.0
10.714104175567627,8384.0,-16120.0,-18632.0,3.0,-443.0,43.0,6112.0,1040.0,-25488.0,-463.0,-184.0,-388.0
10.82888913154602,8204.0,-17000.0,-19204.0,-252.0,981.0,84.0,5884.0,1064.0,-25872.0,125.0,154.0,166.0
10.95296311378479,8428.0,-16140.0,-18772.0,-251.0,-314.0,44.0,5836.0,1368.0,-25980.0,194.0,553.0,446.0
11.011590719223022,8188.0,-16248.0,-18620.0,-313.0,244.0,-58.0,5504.0,1456.0,-25880.0,358.0,328.0,403.0
11.13392686843872,8500.0,-16128.0,-18292.0,-125.0,67.0,107.0,5336.0,1448.0,-25792.0,68.0,-37.0,430.0
11.248833894729614,8236.0,-16256.0,-18416.0,-131.0,189.0,74.0,5352.0,1588.0,-25768.0,219.0,56.0,405.0
11.369069337844849,8432.0,-16320.0,-18580.0,-483.0,-418.0,-177.0,5728.0,1208.0,-25676.0,-337.0,835.0,-262.0
11.42920470237732,8388.0,-16124.0,-18664.0,-96.0,-152.0,-145.0,5452.0,1372.0,-25852.0,-224.0,56.0,-128.0
11.549504041671753,8392.0,-16216.0,-18640.0,-272.0,262.0,-42.0,5380.0,1372.0,-25944.0,347.0,-214.0,61.0
11.610403776168823,8548.0,-16284.0,-18380.0,-31.0,719.0,-407.0,5336.0,1244.0,-25484.0,859.0,-961.0,-309.0
11.72927975654602,8460.0,-16104.0,-18272.0,17.0,159.0,-375.0,5544.0,1288.0,-25432.0,352.0,-644.0,-476.0
11.858582019805908,8412.0,-16112.0,-18384.0,47.0,70.0,-481.0,5340.0,948.0,-25268.0,190.0,-164.0,-686.0
11.910125017166138,8892.0,-16212.0,-18664.0,585.0,-35.0,-461.0,5240.0,472.0,-24852.0,393.0,-997.0,-809.0
12.030976057052612,8296.0,-15536.0,-18460.0,-116.0,2932.0,9.0,6116.0,356.0,-21516.0,4253.0,-919.0,-1669.0
12.156860589981079,6556.0,-16272.0,-17416.0,562.0,5163.0,1924.0,5956.0,1460.0,-22052.0,5171.0,-3596.0,-3716.0
12.211148977279663,7568.0,-16704.0,-16808.0,2416.0,7019.0,3349.0,4408.0,-1244.0,-20664.0,6709.0,-8142.0,-5555.0
12.329721450805664,9668.0,-17164.0,-14592.0,6162.0,10555.0,5658.0,8576.0,-4176.0,-17148.0,11970.0,-20670.0,-12238.0
12.510389566421509,5120.0,-16064.0,-14400.0,5303.0,3243.0,5514.0,5640.0,-5564.0,-16256.0,9675.0,-6767.0,-12835.0
12.510396480560303,3112.0,-18668.0,-13184.0,-3820.0,16059.0,8814.0,10340.0,-5084.0,-14336.0,10809.0,-388.0,-12933.0
12.631705284118652,3456.0,-22128.0,-7288.0,-4489.0,16940.0,6536.0,10104.0,-7040.0,-13496.0,8145.0,5594.0,-2192.0
12.748817443847656,968.0,-21676.0,-8588.0,-6108.0,8385.0,3473.0,12712.0,-4240.0,-12004.0,3970.0,13866.0,5166.0
12.813258409500122,-632.0,-21656.0,-11200.0,-5371.0,-833.0,2166.0,8656.0,-3984.0,-10444.0,-3683.0,1421.0,5812.0
12.936195611953735,-1088.0,-21556.0,-11348.0,-213.0,-7130.0,3549.0,11516.0,-2412.0,-12128.0,-4312.0,-7267.0,1510.0
13.049033641815186,456.0,-21852.0,-11172.0,-1386.0,-3088.0,1488.0,12348.0,-4336.0,-11364.0,-3809.0,-1677.0,-2708.0
13.110158920288086,856.0,-21908.0,-11596.0,408.0,-3135.0,-745.0,12180.0,-5280.0,-11600.0,-1714.0,1722.0,-3598.0
13.231260299682617,-268.0,-22148.0,-12240.0,90.0,2061.0,-1918.0,11032.0,-4852.0,-12136.0,75.0,2073.0,-3101.0
13.349334239959717,-660.0,-22076.0,-12412.0,1783.0,-1773.0,-796.0,10832.0,-4780.0,-12548.0,334.0,-1404.0,-2353.0
13.409420013427734,324.0,-21696.0,-12164.0,1329.0,-1668.0,-108.0,11832.0,-4980.0,-12880.0,544.0,-2484.0,-743.0
13.530263185501099,92.0,-21452.0,-12216.0,-255.0,590.0,-109.0,11948.0,-4700.0,-13064.0,680.0,584.0,1438.0
13.650893926620483,-216.0,-21528.0,-12228.0,-587.0,-134.0,313.0,11772.0,-4536.0,-12804.0,257.0,-421.0,1990.0
13.708805799484253,-368.0,-21652.0,-11968.0,-547.0,-866.0,423.0,12164.0,-4616.0,-12204.0,-415.0,-917.0,1605.0
13.834592580795288,2616.0,-20856.0,-12340.0,515.0,-4250.0,-838.0,9776.0,-6076.0,-11044.0,920.0,906.0,6156.0
13.950216054916382,-16.0,-22144.0,-12236.0,-2960.0,5524.0,-1787.0,5760.0,-5136.0,-11352.0,2593.0,2632.0,14494.0
14.012481451034546,-1516.0,-22008.0,-12528.0,-1116.0,38.0,1132.0,4528.0,-1020.0,-11952.0,2219.0,-298.0,14767.0
14.191814661026001,56.0,-22064.0,-12412.0,543.0,-2763.0,2308.0,5356.0,-1060.0,-11224.0,746.0,-2296.0,15214.0
14.2490816116333,120.0,-22392.0,-12940.0,-1938.0,-1970.0,1915.0,2140.0,1104.0,-11160.0,615.0,2475.0,14982.0
14.310465812683105,-892.0,-22252.0,-12636.0,-479.0,-3949.0,1837.0,-920.0,4400.0,-11820.0,-1569.0,4232.0,13959.0
14.428884983062744,-864.0,-23688.0,-12628.0,1081.0,-6429.0,1770.0,-4.0,7192.0,-13612.0,-4885.0,2911.0,14286.0
14.548749923706055,-1424.0,-22892.0,-13380.0,2371.0,-9361.0,-170.0,1252.0,10164.0,-14984.0,-9581.0,3368.0,9996.0
14.608999729156494,-116.0,-21580.0,-14108.0,2853.0,-9675.0,-621.0,2340.0,10380.0,-15492.0,-10248.0,828.0,2322.0
14.73002552986145,1932.0,-21236.0,-14716.0,-382.0,-7149.0,-2918.0,908.0,7120.0,-10440.0,-7278.0,-1630.0,-2576.0
14.849054336547852,2628.0,-23952.0,-12472.0,-3432.0,5553.0,-3652.0,-4712.0,9044.0,-14064.0,3386.0,-640.0,3789.0
14.90903902053833,5556.0,-22632.0,-13096.0,2242.0,3186.0,-9185.0,-1532.0,9636.0,-14108.0,5619.0,-4705.0,658.0
15.029730558395386,2904.0,-20704.0,-11892.0,1725.0,10879.0,-11495.0,1944.0,11308.0,-12868.0,9769.0,-3912.0,-6247.0
15.149415731430054,1920.0,-18860.0,-10460.0,2199.0,8254.0,-7973.0,420.0,14876.0,-15368.0,6392.0,-4717.0,-3757.0
15.210086107254028,2576.0,-16848.0,-9232.0,1997.0,528.0,-1514.0,728.0,12948.0,-13436.0,-249.0,-3963.0,-2298.0
15.389880895614624,2844.0,-17712.0,-8860.0,-1788.0,-2667.0,830.0,-2952.0,11228.0,-13796.0,-1573.0,1166.0,227.0
15.448812007904053,4512.0,-17100.0,-9392.0,-1975.0,-2718.0,2168.0,-2664.0,10912.0,-14184.0,-1499.0,4030.0,3217.0
15.572257995605469,5756.0,-18264.0,-9808.0,-900.0,-3469.0,4044.0,-1532.0,10292.0,-13340.0,-1918.0,4599.0,4100.0
15.63085150718689,8004.0,-19564.0,-9540.0,-1896.0,-519.0,791.0,-3924.0,8788.0,-12176.0,412.0,3268.0,1109.0
15.750685691833496,4888.0,-18844.0,-10356.0,1167.0,1884.0,-459.0,-1864.0,11524.0,-13540.0,161.0,-5519.0,1244.0
15.808932542800903,3096.0,-17724.0,-10464.0,607.0,347.0,508.0,-536.0,13088.0,-13336.0,-838.0,-1685.0,476.0
15.936171054840088,5748.0,-19216.0,-10196.0,-591.0,-558.0,796.0,-1504.0,10376.0,-11876.0,-740.0,-1691.0,-187.0
16.052258491516113,5280.0,-18792.0,-10844.0,-459.0,526.0,-559.0,-932.0,11604.0,-12448.0,199.0,-2119.0,-193.0
16.109015226364136,5000.0,-18440.0,-10284.0,-1305.0,-507.0,-473.0,672.0,12168.0,-14512.0,-478.0,2450.0,-460.0
16.229622840881348,4596.0,-19596.0,-10876.0,195.0,906.0,-84.0,-1476.0,12120.0,-12068.0,603.0,-58.0,-117.0
16.3504855632782,4772.0,-18824.0,-9860.0,1619.0,1668.0,-1635.0,-1716.0,11280.0,-11348.0,528.0,-1361.0,-1703.0
16.410785675048828,4424.0,-18196.0,-10724.0,558.0,237.0,-1518.0,-260.0,11876.0,-13300.0,-224.0,-117.0,-414.0
16.531129121780396,4388.0,-19316.0,-9628.0,55.0,778.0,-155.0,-720.0,11740.0,-12064.0,1451.0,1928.0,20.0
16.64901900291443,6644.0,-19620.0,-9968.0,-609.0,556.0,-55.0,-900.0,10896.0,-11960.0,1104.0,1077.0,-229.0
16.709020614624023,5332.0,-18816.0,-10156.0,-560.0,369.0,-1957.0,-752.0,11176.0,-11532.0,117.0,248.0,-1986.0
16.835829734802246,3644.0,-17924.0,-10432.0,-1081.0,-449.0,-472.0,-1972.0,11168.0,-11448.0,161.0,-458.0,-452.0
17.070844411849976,4212.0,-19220.0,-10000.0,-520.0,1185.0,-66.0,-3108.0,11900.0,-12316.0,1451.0,2923.0,-458.0
17.12889790534973,5436.0,-18588.0,-9740.0,537.0,1244.0,-163.0,-708.0,10244.0,-11928.0,1215.0,16.0,-281.0
17.19112205505371,5332.0,-18800.0,-10116.0,-1005.0,335.0,-920.0,776.0,10264.0,-11196.0,195.0,255.0,-1613.0
17.250420808792114,4460.0,-18548.0,-10112.0,-1718.0,-39.0,-848.0,544.0,9808.0,-12240.0,796.0,-43.0,-1406.0
17.308512449264526,6064.0,-18168.0,-10244.0,-2161.0,856.0,-451.0,668.0,8708.0,-11600.0,1713.0,-243.0,-4930.0
17.429306030273438,5944.0,-18652.0,-10816.0,-2037.0,174.0,-3570.0,-448.0,7688.0,-12132.0,1148.0,1703.0,-8505.0
17.549060583114624,2476.0,-18172.0,-11396.0,-156.0,2735.0,399.0,5596.0,9640.0,-11984.0,291.0,-4072.0,-8715.0
17.609307289123535,1728.0,-17744.0,-12020.0,-5741.0,2797.0,5454.0,4036.0,9360.0,-10904.0,1222.0,-3976.0,-10099.0
17.73086643218994,2620.0,-21532.0,-11856.0,-7081.0,8488.0,9580.0,-3848.0,5416.0,-11628.0,4603.0,-10411.0,-6742.0
17.850470066070557,-960.0,-21704.0,-10156.0,3823.0,3597.0,9355.0,6496.0,3688.0,-8332.0,3345.0,-3448.0,-9146.0
17.913053512573242,540.0,-23444.0,-8656.0,-4917.0,2596.0,6983.0,1624.0,1304.0,-8232.0,2093.0,-8799.0,-6571.0
18.029361248016357,-960.0,-22224.0,-8996.0,2355.0,-5505.0,4597.0,4852.0,276.0,-5900.0,-1554.0,-553.0,-153.0
18.14937949180603,-1608.0,-21436.0,-10068.0,328.0,-2839.0,3474.0,3480.0,768.0,-6108.0,-1815.0,-2866.0,1894.0
18.269595623016357,-4240.0,-21324.0,-8604.0,2313.0,-3355.0,4811.0,7280.0,2784.0,-5444.0,-183.0,-272.0,798.0
18.329847812652588,-5724.0,-20308.0,-8340.0,-1612.0,1448.0,3361.0,3504.0,5016.0,-6948.0,-382.0,3099.0,419.0
18.44987201690674,-6812.0,-21660.0,-9336.0,3214.0,-4295.0,7162.0,4084.0,2484.0,-7532.0,-1639.0,-7137.0,-2332.0
18.511351346969604,-5232.0,-21628.0,-8556.0,-408.0,-1674.0,6221.0,3868.0,788.0,-9112.0,-2566.0,-3906.0,-1748.0
18.62904381752014,-5208.0,-22776.0,-9328.0,-1213.0,-5415.0,5271.0,6380.0,-2744.0,-8860.0,-4708.0,-4290.0,-1776.0
18.811043977737427,-5448.0,-22336.0,-10200.0,-2882.0,-4625.0,1497.0,7384.0,-2436.0,-9700.0,-5118.0,-4661.0,-30.0
18.81225609779358,-6616.0,-21720.0,-11412.0,-1610.0,-7392.0,-77.0,8600.0,-1112.0,-10664.0,-6227.0,-6487.0,-1401.0
18.931869983673096,-4560.0,-22852.0,-12800.0,-1795.0,-8853.0,2293.0,9744.0,-4500.0,-10956.0,-8005.0,-12446.0,-4414.0
19.04966402053833,-3544.0,-23076.0,-11388.0,-2812.0,-3647.0,718.0,12988.0,-5948.0,-8904.0,-5472.0,-8291.0,-3306.0
19.11020851135254,-5204.0,-22648.0,-11328.0,-4805.0,9366.0,-1540.0,12412.0,-4276.0,-10080.0,-1143.0,2581.0,-181.0
19.22918701171875,-5348.0,-22408.0,-12520.0,-1822.0,-2146.0,-655.0,8884.0,-3796.0,-11120.0,-1699.0,574.0,1375.0
19.349075317382812,-2048.0,-22080.0,-10980.0,1468.0,-7180.0,-3596.0,10136.0,-4136.0,-10968.0,69.0,-4907.0,2457.0
19.409058332443237,-68.0,-21536.0,-11172.0,2267.0,-8764.0,-6767.0,9984.0,-5420.0,-10204.0,1307.0,301.0,8905.0
19.53179168701172,528.0,-23248.0,-13128.0,-1990.0,7017.0,-9496.0,5548.0,-3924.0,-13940.0,5363.0,11903.0,12205.0
19.648871183395386,-1844.0,-24188.0,-13632.0,-3195.0,3435.0,-7405.0,4028.0,-40.0,-11824.0,3222.0,5177.0,13643.0
19.70986270904541,-2820.0,-21572.0,-13184.0,-979.0,-2487.0,-2086.0,5168.0,3396.0,-10020.0,1376.0,-4206.0,14993.0
19.836946964263916,-2984.0,-21012.0,-12344.0,-4829.0,-889.0,2410.0,2004.0,8236.0,-10504.0,901.0,1198.0,16338.0
19.94986367225647,-2904.0,-21552.0,-13296.0,-1872.0,-5067.0,6430.0,-496.0,11084.0,-10724.0,-1598.0,572.0,14373.0
20.011317253112793,-580.0,-22636.0,-12364.0,273.0,-5281.0,8681.0,2744.0,9664.0,-9124.0,-1679.0,319.0,11287.0
20.133468866348267,-636.0,-22548.0,-13748.0,-85.0,-5131.0,5195.0,208.0,7828.0,-5808.0,-1139.0,-4428.0,6611.0
20.250914096832275,-1732.0,-22552.0,-13056.0,3353.0,430.0,448.0,4420.0,11468.0,-8248.0,1415.0,2816.0,3699.0
20.309580326080322,-1476.0,-22424.0,-15016.0,-2684.0,583.0,434.0,3028.0,12236.0,-10444.0,1835.0,3879.0,-475.0
20.42913246154785,-2428.0,-21356.0,-13456.0,-5364.0,4556.0,-1418.0,-2628.0,13584.0,-12540.0,6195.0,7515.0,-732.0
20.6091890335083,-3888.0,-23188.0,-13564.0,-1011.0,2802.0,-837.0,-1980.0,14960.0,-13372.0,3187.0,956.0,-201.0
20.60932970046997,-3340.0,-22680.0,-13764.0,697.0,2218.0,-37.0,-592.0,13884.0,-11944.0,1645.0,-1089.0,-581.0
20.789493560791016,-2688.0,-22948.0,-13932.0,-690.0,1599.0,-1080.0,-80.0,12688.0,-12408.0,1859.0,1529.0,-1441.0
20.85120439529419,-2836.0,-22464.0,-14180.0,82.0,1965.0,-1750.0,-672.0,13880.0,-12912.0,2163.0,1435.0,-948.0
20.969398260116577,-2800.0,-22524.0,-14120.0,-815.0,2195.0,-1822.0,-1380.0,14100.0,-13512.0,2046.0,1260.0,-701.0
21.02876901626587,-1988.0,-22564.0,-14064.0,-513.0,739.0,-1834.0,-1748.0,13920.0,-13688.0,1731.0,3072.0,531.0
21.149069786071777,-2300.0,-22408.0,-14448.0,207.0,-297.0,-1812.0,-492.0,14272.0,-14464.0,592.0,3433.0,95.0
21.211270332336426,-2076.0,-22116.0,-14780.0,51.0,162.0,-1069.0,-244.0,14488.0,-14976.0,-293.0,546.0,-1613.0
21.33402419090271,-1508.0,-22152.0,-14948.0,-647.0,-478.0,-839.0,-1232.0,13616.0,-14516.0,-525.0,654.0,-1708.0
21.690436601638794,-1420.0,-22552.0,-14760.0,-261.0,-193.0,-421.0,-1432.0,13388.0,-14756.0,-641.0,430.0,-780.0
21.69067406654358,-1376.0,-21976.0,-14732.0,663.0,-1068.0,-372.0,-1180.0,13204.0,-14520.0,-998.0,308.0,-486.0
21.690680742263794,-1212.0,-22048.0,-14828.0,-78.0,-793.0,375.0,-932.0,12812.0,-14920.0,-720.0,365.0,320.0
21.748944759368896,-648.0,-22480.0,-14760.0,-614.0,-495.0,11.0,-1224.0,12612.0,-14672.0,-500.0,517.0,-69.0
21.810991048812866,-764.0,-22556.0,-14820.0,-82.0,416.0,-146.0,-1236.0,12724.0,-14756.0,-56.0,-164.0,-299.0
21.93488836288452,-884.0,-22228.0,-14528.0,-130.0,372.0,-185.0,-1412.0,12652.0,-15020.0,175.0,-440.0,-160.0
22.049633264541626,-1024.0,-22296.0,-14836.0,29.0,752.0,-119.0,-1064.0,12688.0,-14724.0,320.0,-184.0,-229.0
22.10913348197937,-912.0,-22324.0,-14640.0,96.0,505.0,-89.0,-924.0,12784.0,-14848.0,202.0,103.0,-482.0
22.229183197021484,-928.0,-22312.0,-14784.0,-91.0,612.0,-180.0,-892.0,12548.0,-14748.0,-21.0,-446.0,-760.0
22.350106239318848,-1260.0,-22512.0,-14808.0,-291.0,-572.0,-35.0,-2260.0,12980.0,-15828.0,-1144.0,-291.0,-454.0
22.41731905937195,-708.0,-22340.0,-14564.0,2239.0,538.0,151.0,-1128.0,12248.0,-14408.0,-404.0,-484.0,-390.0
22.52895164489746,-1064.0,-21832.0,-14388.0,-1224.0,710.0,-387.0,-1588.0,12468.0,-14460.0,606.0,1344.0,-240.0
22.648618459701538,-976.0,-22364.0,-14596.0,196.0,866.0,67.0,-1984.0,12784.0,-15232.0,95.0,-1347.0,-32.0
22.76988124847412,-472.0,-22320.0,-14528.0,1322.0,379.0,246.0,-592.0,11768.0,-13684.0,-1189.0,-2381.0,-395.0
22.888879537582397,-1240.0,-21600.0,-14092.0,-1802.0,633.0,-523.0,-2340.0,12320.0,-14064.0,725.0,2104.0,-308.0
22.948743104934692,-772.0,-22464.0,-14632.0,461.0,-302.0,-44.0,-2080.0,12452.0,-14148.0,-91.0,357.0,-84.0
23.0106999874115,-176.0,-22288.0,-15124.0,-34.0,-1265.0,-223.0,-568.0,11236.0,-13024.0,-1295.0,-2355.0,-556.0
23.12864375114441,-736.0,-22536.0,-14732.0,91.0,-1288.0,-592.0,-1116.0,11840.0,-14268.0,-34.0,1823.0,-459.0
23.249449491500854,-712.0,-22568.0,-14788.0,-1048.0,179.0,-192.0,-1248.0,12156.0,-14216.0,-98.0,1952.0,-157.0
23.30874466896057,-440.0,-22096.0,-14884.0,327.0,-1417.0,27.0,-912.0,11544.0,-13640.0,-2332.0,-1312.0,-184.0
23.48868989944458,-1704.0,-21916.0,-15244.0,-282.0,129.0,100.0,-88.0,11984.0,-14228.0,47.0,-448.0,-17.0
23.552650690078735,-604.0,-22280.0,-14688.0,-942.0,-187.0,-83.0,-1132.0,11940.0,-14112.0,611.0,809.0,46.0
23.668558359146118,-708.0,-22240.0,-14776.0,173.0,475.0,-217.0,-1408.0,11764.0,-14240.0,511.0,-153.0,-90.0
23.73015069961548,-524.0,-22100.0,-14752.0,88.0,797.0,-160.0,-1048.0,11660.0,-14056.0,780.0,261.0,-306.0
23.84895896911621,-876.0,-22024.0,-14656.0,-346.0,842.0,143.0,-1180.0,11844.0,-14172.0,918.0,199.0,-58.0
23.90980315208435,-1168.0,-22324.0,-14772.0,-618.0,57.0,-51.0,-1212.0,12008.0,-13740.0,-63.0,-153.0,-323.0
24.028465270996094,-912.0,-22416.0,-14660.0,26.0,-167.0,-115.0,-1220.0,12012.0,-14228.0,336.0,-96.0,-120.0
24.21224355697632,-812.0,-22180.0,-14860.0,-235.0,-215.0,-166.0,-1216.0,11764.0,-14148.0,5.0,-63.0,9.0
24.212250232696533,-740.0,-22164.0,-14500.0,-494.0,108.0,-9.0,-1716.0,11812.0,-14224.0,100.0,-306.0,129.0
24.389840126037598,-664.0,-22288.0,-14816.0,30.0,470.0,181.0,-1656.0,11796.0,-13968.0,409.0,-1673.0,18.0
24.451180458068848,-564.0,-22468.0,-14480.0,-207.0,1376.0,254.0,-660.0,11836.0,-13520.0,684.0,-4640.0,-448.0
24.508748531341553,-1184.0,-22144.0,-14512.0,-596.0,250.0,-161.0,-2192.0,12196.0,-14408.0,171.0,671.0,-56.0
24.634082555770874,-840.0,-22388.0,-14652.0,1412.0,481.0,263.0,-200.0,11648.0,-13676.0,-107.0,-580.0,-123.0
24.751822471618652,-752.0,-22252.0,-14276.0,-1661.0,376.0,-243.0,-1108.0,11744.0,-13644.0,316.0,122.0,-253.0
24.809065341949463,-900.0,-22204.0,-14604.0,357.0,207.0,-99.0,-1580.0,11880.0,-13644.0,132.0,-163.0,-140.0
24.92882013320923,-780.0,-22148.0,-14416.0,-653.0,372.0,-164.0,-1568.0,11648.0,-13596.0,321.0,57.0,-64.0
25.04946208000183,-804.0,-22136.0,-14580.0,270.0,246.0,-152.0,-1152.0,11816.0,-13912.0,116.0,105.0,-309.0
25.111570358276367,-820.0,-22276.0,-14580.0,-400.0,240.0,-45.0,-1040.0,11800.0,-13756.0,196.0,121.0,-77.0
25.29011845588684,-744.0,-22248.0,-14392.0,-383.0,191.0,-112.0,-892.0,11664.0,-13596.0,3.0,-56.0,-196.0
25.34864640235901,-808.0,-22268.0,-14532.0,-149.0,91.0,-72.0,-1064.0,11608.0,-13504.0,43.0,-104.0,-110.0
25.470826625823975,-732.0,-22124.0,-14676.0,-124.0,24.0,-46.0,-972.0,11644.0,-13536.0,-38.0,113.0,-95.0
25.52850890159607,-952.0,-22120.0,-14504.0,-197.0,-25.0,-69.0,-1432.0,11692.0,-13660.0,15.0,411.0,13.0
25.71032691001892,-784.0,-22208.0,-14484.0,-99.0,-40.0,17.0,-1332.0,11696.0,-13788.0,-2.0,208.0,16.0
25.768871307373047,-588.0,-22372.0,-14628.0,-133.0,-30.0,5.0,-1208.0,11668.0,-13676.0,-48.0,22.0,55.0
25.828832626342773,-804.0,-22312.0,-14748.0,-122.0,9.0,-38.0,-968.0,11720.0,-13640.0,-119.0,-67.0,-70.0
25.948912620544434,-664.0,-22220.0,-14548.0,-67.0,-57.0,-72.0,-1336.0,11544.0,-13600.0,-104.0,192.0,-99.0
26.008623123168945,-860.0,-22276.0,-14572.0,120.0,-145.0,-2.0,-1204.0,11600.0,-13584.0,-160.0,75.0,-8.0
26.129358530044556,-816.0,-22232.0,-14488.0,-31.0,-4.0,7.0,-1004.0,11696.0,-13688.0,-92.0,142.0,-48.0
26.25016164779663,-680.0,-22248.0,-14604.0,140.0,-136.0,-72.0,-1216.0,11572.0,-13596.0,-142.0,195.0,-131.0
26.310283184051514,-780.0,-22288.0,-14680.0,-98.0,-3.0,-74.0,-1248.0,11448.0,-13588.0,-199.0,66.0,-87.0
26.430988311767578,-848.0,-22360.0,-14628.0,-226.0,-4.0,-93.0,-1108.0,11556.0,-13632.0,-31.0,-184.0,-119.0
26.54887580871582,-748.0,-22180.0,-14556.0,-56.0,-42.0,-62.0,-1132.0,11776.0,-13680.0,28.0,-109.0,-58.0
26.60853600502014,-684.0,-22056.0,-14568.0,-32.0,-4.0,-86.0,-1168.0,11524.0,-13548.0,-20.0,-172.0,-36.0
26.733739614486694,-636.0,-22244.0,-14648.0,-194.0,22.0,-24.0,-764.0,11484.0,-13640.0,66.0,33.0,-99.0
26.909810781478882,-756.0,-22296.0,-14592.0,-347.0,171.0,-87.0,-860.0,11648.0,-13416.0,136.0,97.0,-96.0
26.90981888771057,-764.0,-22360.0,-14620.0,-95.0,-22.0,-112.0,-836.0,11720.0,-13760.0,7.0,127.0,-128.0
27.028759479522705,-476.0,-22240.0,-14556.0,-258.0,111.0,-83.0,-840.0,11576.0,-13564.0,21.0,-31.0,-87.0
27.149641513824463,-680.0,-22248.0,-14492.0,-245.0,-15.0,-178.0,-1284.0,11540.0,-13556.0,45.0,163.0,-65.0
27.208675622940063,-860.0,-22160.0,-14448.0,4.0,148.0,114.0,-1240.0,11540.0,-13580.0,35.0,97.0,112.0
27.329204320907593,-828.0,-22212.0,-14700.0,-84.0,2.0,274.0,-1116.0,11440.0,-13648.0,-18.0,-20.0,214.0
27.449321508407593,-708.0,-22192.0,-14560.0,-384.0,208.0,75.0,-864.0,11644.0,-13536.0,131.0,47.0,127.0
27.50916862487793,-856.0,-22360.0,-14648.0,-196.0,226.0,71.0,-1224.0,11532.0,-13676.0,172.0,416.0,49.0
27.629882097244263,-592.0,-22292.0,-14740.0,-47.0,290.0,-58.0,-904.0,11444.0,-13600.0,192.0,-179.0,39.0
27.75114870071411,-752.0,-22172.0,-14592.0,-396.0,232.0,-74.0,-1012.0,11596.0,-13596.0,329.0,264.0,-18.0
27.8091037273407,-884.0,-22260.0,-14556.0,-124.0,108.0,19.0,-1220.0,11644.0,-13644.0,198.0,128.0,115.0
27.93484926223755,-884.0,-22264.0,-14644.0,-167.0,195.0,-8.0,-1404.0,11644.0,-13776.0,197.0,109.0,45.0
28.048723220825195,-912.0,-22176.0,-14424.0,-135.0,261.0,-24.0,-1176.0,11792.0,-13784.0,171.0,50.0,-57.0
28.110196113586426,-740.0,-22352.0,-14600.0,-119.0,327.0,4.0,-1116.0,11700.0,-13672.0,107.0,-106.0,-187.0
28.229154586791992,-984.0,-22184.0,-14528.0,-95.0,323.0,-15.0,-1296.0,11812.0,-13828.0,135.0,192.0,-41.0
28.350934267044067,-720.0,-22232.0,-14616.0,-59.0,408.0,112.0,-1320.0,11652.0,-13680.0,438.0,-47.0,26.0
28.413492441177368,-844.0,-22304.0,-14604.0,-495.0,172.0,-102.0,-1372.0,11608.0,-13724.0,346.0,161.0,27.0
28.531633615493774,-856.0,-22276.0,-14504.0,-31.0,22.0,-135.0,-1088.0,11708.0,-14044.0,200.0,431.0,50.0
28.649089097976685,-816.0,-22396.0,-14604.0,-560.0,299.0,-263.0,-728.0,11284.0,-13620.0,385.0,792.0,-414.0
28.708715677261353,-856.0,-22464.0,-14548.0,-585.0,503.0,-109.0,-704.0,11724.0,-14080.0,302.0,-95.0,-10.0
28.828817129135132,-868.0,-22284.0,-14724.0,-291.0,195.0,-129.0,-928.0,11604.0,-14036.0,63.0,-19.0,-95.0
28.948813676834106,-740.0,-22236.0,-14796.0,-391.0,14.0,-73.0,-1256.0,11592.0,-14084.0,53.0,85.0,-76.0
29.01162552833557,-884.0,-22256.0,-14664.0,-86.0,129.0,-112.0,-1176.0,11592.0,-14036.0,-1.0,126.0,-262.0
29.188522815704346,-748.0,-22260.0,-14704.0,114.0,61.0,28.0,-1012.0,11528.0,-13984.0,-52.0,-176.0,-99.0
29.248487949371338,-736.0,-22212.0,-14800.0,-216.0,-79.0,-91.0,-1172.0,11624.0,-14220.0,-30.0,-35.0,40.0
29.310608625411987,-824.0,-22284.0,-14656.0,199.0,187.0,37.0,-1128.0,11492.0,-14076.0,18.0,-374.0,-15.0
29.428770780563354,-684.0,-22284.0,-14832.0,-102.0,227.0,-151.0,-1360.0,11568.0,-13864.0,94.0,-457.0,-15.0
29.550419330596924,-776.0,-22336.0,-14644.0,864.0,498.0,-32.0,-1112.0,11604.0,-13536.0,-64.0,-2599.0,34.0
29.609529972076416,-1032.0,-22360.0,-14632.0,900.0,729.0,133.0,348.0,11592.0,-12584.0,-26.0,-3475.0,-177.0
29.78845715522766,-760.0,-22080.0,-14052.0,-1077.0,659.0,-243.0,-580.0,11640.0,-12620.0,308.0,68.0,-345.0
29.849200010299683,-760.0,-22108.0,-14308.0,612.0,58.0,-109.0,-828.0,11592.0,-12692.0,60.0,-192.0,-230.0
29.9108829498291,-668.0,-22152.0,-14160.0,-820.0,68.0,-371.0,-728.0,11544.0,-12600.0,-9.0,384.0,-328.0
30.02912998199463,-724.0,-22136.0,-14196.0,-132.0,-128.0,-47.0,-864.0,11424.0,-12488.0,-128.0,256.0,-200.0
30.149097681045532,-632.0,-22192.0,-14456.0,-361.0,-114.0,25.0,-1000.0,11344.0,-12600.0,-37.0,478.0,169.0
30.219199419021606,-588.0,-22188.0,-14448.0,-310.0,183.0,3.0,-784.0,11396.0,-12968.0,33.0,334.0,92.0
30.329566717147827,-640.0,-22240.0,-14536.0,-547.0,111.0,-42.0,-776.0,11468.0,-12924.0,-9.0,37.0,74.0
30.448620319366455,-556.0,-22172.0,-14468.0,-254.0,-158.0,7.0,-1112.0,11476.0,-12932.0,-130.0,195.0,118.0
30.509215116500854,-596.0,-22156.0,-14368.0,-156.0,29.0,-18.0,-1180.0,11376.0,-13032.0,-11.0,56.0,59.0
30.628782987594604,-616.0,-22268.0,-14544.0,-129.0,104.0,43.0,-1060.0,11364.0,-13108.0,146.0,341.0,20.0
30.748682022094727,-748.0,-22236.0,-14476.0,-42.0,195.0,77.0,-992.0,11424.0,-13036.0,207.0,314.0,-69.0
30.870935916900635,-524.0,-22248.0,-14516.0,-397.0,-50.0,-142.0,-1196.0,11400.0,-13216.0,-5.0,85.0,-38.0
30.929274797439575,-668.0,-22056.0,-14548.0,-91.0,-20.0,-114.0,-1156.0,11352.0,-13048.0,-48.0,-22.0,-20.0
31.049182176589966,-580.0,-22152.0,-14460.0,-156.0,25.0,-145.0,-1236.0,11464.0,-13144.0,39.0,252.0,-77.0
31.112451791763306,-508.0,-22116.0,-14608.0,-174.0,49.0,-85.0,-1072.0,11380.0,-13292.0,17.0,111.0,-17.0
31.229602575302124,-668.0,-22188.0,-14384.0,-308.0,-19.0,-149.0,-1112.0,11504.0,-13264.0,-35.0,223.0,-97.0
31.408481121063232,-532.0,-22160.0,-14588.0,-133.0,-12.0,-68.0,-1116.0,11508.0,-13028.0,-56.0,92.0,-114.0
31.411341667175293,-560.0,-22156.0,-14524.0,-235.0,41.0,-93.0,-1260.0,11364.0,-13104.0,22.0,116.0,-79.0
31.53492546081543,-540.0,-22212.0,-14524.0,-97.0,346.0,-61.0,-1092.0,11240.0,-13168.0,221.0,203.0,-65.0
31.64981985092163,-560.0,-22408.0,-14552.0,-36.0,257.0,-126.0,-1100.0,11320.0,-13216.0,267.0,-15.0,-139.0
31.7081880569458,-500.0,-22108.0,-14404.0,-160.0,341.0,-45.0,-992.0,11284.0,-13056.0,323.0,-105.0,-34.0
31.828984022140503,-636.0,-22208.0,-14412.0,-111.0,246.0,-33.0,-1000.0,11468.0,-13132.0,215.0,52.0,56.0
31.949044227600098,-632.0,-22252.0,-14340.0,25.0,-89.0,7.0,-1092.0,11360.0,-13284.0,-43.0,161.0,23.0
32.00828576087952,-540.0,-22228.0,-14368.0,-189.0,-2.0,32.0,-1076.0,11520.0,-13240.0,-133.0,4.0,49.0
32.12921190261841,-616.0,-22312.0,-14460.0,40.0,-293.0,38.0,-1052.0,11404.0,-13084.0,-248.0,53.0,44.0
32.249531507492065,-520.0,-22276.0,-14520.0,-24.0,106.0,94.0,-1072.0,11456.0,-13192.0,-79.0,-271.0,78.0
32.30876111984253,-536.0,-22188.0,-14560.0,-45.0,149.0,82.0,-1044.0,11452.0,-13056.0,-2.0,-309.0,44.0
32.43191576004028,-716.0,-22256.0,-14428.0,215.0,178.0,85.0,-1012.0,11428.0,-13148.0,65.0,-173.0,59.0
32.6096932888031,-656.0,-22184.0,-14476.0,-36.0,178.0,92.0,-1088.0,11456.0,-13036.0,82.0,-122.0,46.0
32.60970091819763,-804.0,-22240.0,-14256.0,-168.0,221.0,5.0,-992.0,11384.0,-13108.0,35.0,-129.0,21.0
32.72875142097473,-644.0,-22236.0,-14304.0,-1.0,27.0,52.0,-840.0,11368.0,-13112.0,47.0,-63.0,-12.0
32.85088491439819,-840.0,-22172.0,-14260.0,-97.0,90.0,-85.0,-872.0,11384.0,-12972.0,65.0,150.0,13.0
32.910409927368164,-584.0,-22284.0,-14304.0,-183.0,-104.0,-301.0,-928.0,11452.0,-12956.0,76.0,213.0,-213.0
33.03160333633423,-488.0,-22200.0,-14240.0,-347.0,12.0,-314.0,-996.0,11444.0,-12956.0,-4.0,79.0,-240.0
33.14978837966919,-692.0,-22164.0,-14324.0,-369.0,61.0,-276.0,-1060.0,11332.0,-13072.0,32.0,163.0,-198.0
33.209177017211914,-580.0,-22188.0,-14232.0,-222.0,97.0,-167.0,-884.0,11344.0,-12996.0,68.0,124.0,-85.0
33.388559103012085,-540.0,-22132.0,-14356.0,-137.0,87.0,-85.0,-776.0,11296.0,-13000.0,50.0,75.0,-63.0
33.44932961463928,-520.0,-22080.0,-14420.0,-196.0,109.0,-121.0,-1024.0,11268.0,-13240.0,112.0,202.0,1.0
33.513317584991455,-404.0,-22132.0,-14404.0,-312.0,102.0,-83.0,-964.0,11368.0,-13228.0,101.0,282.0,-101.0
33.62882351875305,-676.0,-22152.0,-14348.0,-603.0,384.0,36.0,-1080.0,11396.0,-13244.0,155.0,-82.0,44.0
33.75054693222046,-528.0,-22172.0,-14540.0,-235.0,133.0,68.0,-1184.0,11320.0,-13256.0,97.0,187.0,52.0
33.80862545967102,-468.0,-22116.0,-14328.0,-189.0,-74.0,63.0,-1400.0,11396.0,-13452.0,51.0,197.0,131.0
33.92941737174988,-568.0,-22132.0,-14500.0,125.0,759.0,264.0,-680.0,11356.0,-12312.0,705.0,-664.0,272.0
34.04876184463501,-964.0,-22584.0,-14248.0,602.0,1424.0,648.0,-1308.0,11644.0,-12948.0,1564.0,-1416.0,607.0
34.111356258392334,-796.0,-22108.0,-14076.0,623.0,738.0,875.0,-1016.0,11776.0,-13068.0,1152.0,-1811.0,1102.0
34.22879433631897,-1144.0,-22292.0,-14104.0,25.0,639.0,1090.0,-1048.0,12136.0,-12508.0,1117.0,-541.0,1111.0
34.34858059883118,-1428.0,-22476.0,-13796.0,352.0,540.0,799.0,-876.0,12228.0,-12176.0,787.0,-1857.0,852.0
34.409295320510864,-1780.0,-22280.0,-13824.0,-402.0,188.0,710.0,-1012.0,12812.0,-12384.0,226.0,-220.0,813.0
34.52868866920471,-1688.0,-22412.0,-13892.0,823.0,-31.0,600.0,-360.0,12520.0,-12072.0,-154.0,-1495.0,524.0
34.64912486076355,-1732.0,-22156.0,-13636.0,-693.0,11.0,79.0,-564.0,12748.0,-11772.0,51.0,-324.0,251.0
34.708717584609985,-1824.0,-22344.0,-13548.0,-142.0,-201.0,200.0,-708.0,13012.0,-11964.0,21.0,225.0,254.0
34.830076694488525,-1228.0,-22336.0,-13400.0,-542.0,-466.0,-50.0,-812.0,12024.0,-12224.0,-39.0,621.0,35.0
34.94951319694519,-1508.0,-22628.0,-13664.0,1418.0,1890.0,-143.0,-248.0,13216.0,-12132.0,1022.0,-25.0,370.0
35.00870227813721,-1676.0,-22588.0,-13556.0,-170.0,576.0,-682.0,976.0,13128.0,-12560.0,-166.0,-463.0,-434.0
35.18841791152954,-1136.0,-22100.0,-14164.0,-2624.0,-737.0,-1621.0,-1056.0,12452.0,-11648.0,-413.0,1115.0,-689.0
35.24849843978882,-1116.0,-22316.0,-13748.0,-1053.0,288.0,-1501.0,-1372.0,12616.0,-12100.0,546.0,1356.0,-766.0
35.310829162597656,-1196.0,-22248.0,-13988.0,265.0,775.0,-1048.0,-560.0,13012.0,-12808.0,437.0,745.0,-1110.0
35.42932748794556,-1176.0,-22000.0,-14212.0,-55.0,221.0,-329.0,-492.0,12940.0,-13772.0,62.0,642.0,-581.0
35.54863405227661,-640.0,-22168.0,-14392.0,-2333.0,-206.0,-76.0,-1808.0,12048.0,-12892.0,-88.0,151.0,-61.0
35.66900587081909,-636.0,-22228.0,-13796.0,-733.0,893.0,347.0,-1316.0,12256.0,-13300.0,832.0,393.0,394.0
35.73529362678528,-988.0,-22256.0,-14384.0,68.0,-110.0,94.0,-1248.0,12304.0,-12724.0,-360.0,-267.0,-223.0
35.848849296569824,-504.0,-22368.0,-13988.0,52.0,727.0,-159.0,-920.0,11988.0,-13068.0,667.0,705.0,-107.0
35.96850872039795,-872.0,-22500.0,-14472.0,67.0,161.0,-66.0,-784.0,12196.0,-13352.0,-48.0,55.0,60.0
36.09088492393494,-600.0,-22216.0,-14356.0,-160.0,-108.0,45.0,-808.0,12120.0,-13408.0,-19.0,328.0,211.0
36.15019154548645,-752.0,-22208.0,-14536.0,47.0,-114.0,-46.0,-876.0,11984.0,-13236.0,-285.0,190.0,13.0
36.26897215843201,-712.0,-22036.0,-14076.0,-365.0,135.0,-248.0,-908.0,11924.0,-13528.0,145.0,1357.0,-324.0
36.32958674430847,-748.0,-22236.0,-14636.0,122.0,-245.0,66.0,-1180.0,12368.0,-13920.0,27.0,925.0,286.0
36.44857215881348,-720.0,-22308.0,-14420.0,-237.0,177.0,101.0,-996.0,12252.0,-13984.0,-57.0,-137.0,87.0
36.6299102306366,-604.0,-22288.0,-14288.0,-63.0,-115.0,-163.0,-1604.0,12136.0,-14560.0,-160.0,190.0,85.0
36.62991809844971,-696.0,-21996.0,-14284.0,356.0,-489.0,-41.0,-1660.0,12196.0,-14120.0,-568.0,-394.0,14.0
36.751227378845215,-832.0,-22164.0,-14228.0,300.0,-899.0,-138.0,-1632.0,12280.0,-13924.0,-913.0,0.0,86.0
36.98891878128052,-596.0,-22220.0,-14232.0,1034.0,-423.0,114.0,-1172.0,12036.0,-13856.0,-663.0,-375.0,102.0
36.98952841758728,-724.0,-22196.0,-14228.0,-111.0,-524.0,73.0,-900.0,12028.0,-13744.0,-697.0,-762.0,65.0
37.05114984512329,-608.0,-22252.0,-14156.0,-143.0,-189.0,-52.0,-1112.0,12032.0,-13816.0,-503.0,-776.0,-1.0
37.170517444610596,-668.0,-22028.0,-14044.0,109.0,8.0,79.0,-1184.0,12020.0,-13608.0,-225.0,-647.0,45.0
37.230955839157104,-676.0,-22168.0,-14100.0,-173.0,36.0,127.0,-1180.0,11896.0,-13500.0,-150.0,-549.0,-103.0
37.408114194869995,-796.0,-22100.0,-14024.0,-135.0,283.0,38.0,-1408.0,12024.0,-13396.0,141.0,-307.0,-81.0
37.46896266937256,-912.0,-22196.0,-14000.0,34.0,627.0,21.0,-1124.0,11928.0,-13108.0,431.0,-618.0,-26.0
37.53071856498718,-1128.0,-22128.0,-13780.0,-81.0,568.0,-3.0,-992.0,12036.0,-13208.0,546.0,-120.0,-79.0
37.65049481391907,-1220.0,-22056.0,-13768.0,-139.0,586.0,51.0,-952.0,12188.0,-13268.0,605.0,-242.0,-46.0
37.768534660339355,-1204.0,-22292.0,-13788.0,-637.0,275.0,-142.0,-1052.0,12244.0,-13312.0,115.0,-42.0,-79.0
37.83132290840149,-1416.0,-22180.0,-13744.0,-74.0,-681.0,-192.0,-692.0,12444.0,-13588.0,-768.0,616.0,-211.0
37.948620557785034,-1332.0,-22016.0,-14084.0,-224.0,-1759.0,-98.0,-988.0,12204.0,-13592.0,-1714.0,841.0,-174.0
38.07075810432434,-980.0,-21832.0,-14004.0,-629.0,-2726.0,-55.0,-1060.0,11900.0,-13772.0,-2467.0,1772.0,17.0
38.12902355194092,-280.0,-22920.0,-13744.0,-675.0,-2598.0,229.0,-2084.0,11572.0,-13084.0,-2616.0,1073.0,12.0
38.30821204185486,-420.0,-23212.0,-13504.0,40.0,-2037.0,472.0,-2380.0,11428.0,-12320.0,-2566.0,-600.0,305.0
38.42879867553711,-1312.0,-22576.0,-14040.0,2448.0,-1401.0,143.0,-1240.0,12064.0,-12668.0,-2021.0,-1334.0,136.0
38.429277181625366,-280.0,-22096.0,-14236.0,2495.0,-946.0,733.0,-1856.0,11152.0,-13568.0,-1440.0,-2249.0,325.0
38.60876441001892,-28.0,-21576.0,-13964.0,1574.0,-300.0,28.0,-552.0,10556.0,-13424.0,-477.0,-1752.0,-109.0
38.66931486129761,248.0,-21488.0,-13512.0,-985.0,787.0,-1611.0,-444.0,10364.0,-13108.0,549.0,389.0,-1692.0
38.7313916683197,-148.0,-21780.0,-13076.0,-1284.0,1480.0,-2394.0,-184.0,10556.0,-12044.0,1107.0,1083.0,-2776.0
38.84941864013672,-32.0,-21816.0,-13420.0,-1537.0,1419.0,-1603.0,-1160.0,10596.0,-11852.0,1568.0,940.0,-2066.0
38.96845293045044,68.0,-21400.0,-13460.0,-1283.0,2163.0,95.0,-968.0,10340.0,-12584.0,2292.0,-163.0,87.0
39.02858924865723,-96.0,-21900.0,-13872.0,-1454.0,2514.0,1256.0,-1412.0,10740.0,-12868.0,2770.0,226.0,1071.0
39.148383140563965,180.0,-22264.0,-14324.0,-936.0,3079.0,1931.0,-1596.0,10220.0,-12788.0,3499.0,-336.0,1606.0
39.26844334602356,124.0,-21916.0,-14252.0,-824.0,3731.0,1084.0,-1036.0,10176.0,-13244.0,4188.0,-300.0,990.0
39.328486919403076,824.0,-22232.0,-14664.0,-581.0,5200.0,-92.0,-828.0,9504.0,-13348.0,5263.0,-556.0,-945.0
39.451306104660034,1084.0,-22024.0,-14960.0,-1813.0,7257.0,-1834.0,-1040.0,8992.0,-13664.0,7206.0,-139.0,-2649.0
39.57061529159546,360.0,-22772.0,-14980.0,-3113.0,9360.0,-3113.0,-1308.0,9860.0,-13840.0,9164.0,1463.0,-4219.0
39.868079662323,-348.0,-21440.0,-15152.0,-2191.0,9772.0,-3855.0,-764.0,10284.0,-14172.0,10229.0,1764.0,-3973.0
39.86849761009216,-684.0,-22260.0,-15264.0,-3706.0,10340.0,-3375.0,-876.0,11060.0,-15740.0,10432.0,1371.0,-3620.0
39.87290620803833,-384.0,-22156.0,-14860.0,-3135.0,7926.0,-4354.0,-1464.0,11200.0,-15708.0,8566.0,3287.0,-4253.0
39.93112778663635,264.0,-23280.0,-15444.0,-3348.0,6173.0,-2145.0,-3580.0,11596.0,-16104.0,6831.0,2123.0,-2274.0
40.04839825630188,-596.0,-21172.0,-15028.0,-1922.0,5185.0,873.0,-1280.0,11504.0,-15852.0,5281.0,84.0,881.0
40.23118209838867,-800.0,-21544.0,-15208.0,-3249.0,4865.0,2636.0,-612.0,11900.0,-14808.0,4480.0,-1598.0,2933.0
40.23127627372742,-984.0,-22696.0,-15016.0,-2437.0,4343.0,2413.0,-1576.0,11868.0,-15080.0,4996.0,-337.0,2884.0
40.34881639480591,-1432.0,-22412.0,-14324.0,-1541.0,2695.0,1339.0,-1640.0,12492.0,-15224.0,3378.0,261.0,2588.0
40.470426082611084,-904.0,-23416.0,-14584.0,-142.0,919.0,1812.0,-1720.0,12940.0,-15532.0,918.0,-155.0,2126.0
40.650325298309326,-1156.0,-22484.0,-14712.0,128.0,-721.0,592.0,-1028.0,12444.0,-14876.0,-1072.0,-1565.0,1436.0
40.65033316612244,-1192.0,-22104.0,-15052.0,1106.0,-1445.0,-509.0,-32.0,13248.0,-14668.0,-1496.0,20.0,695.0
40.77007484436035,-1472.0,-22256.0,-14712.0,-470.0,-2413.0,214.0,-1376.0,13252.0,-15408.0,-2201.0,1125.0,693.0
40.82977819442749,-1424.0,-22704.0,-14572.0,106.0,-3186.0,378.0,-1240.0,13516.0,-13964.0,-3579.0,-1037.0,238.0
40.94918751716614,-1248.0,-22564.0,-14184.0,69.0,-3681.0,1218.0,-1500.0,13188.0,-13472.0,-4268.0,-1522.0,1518.0
41.13354229927063,-1272.0,-22224.0,-14544.0,2195.0,-3776.0,1400.0,-1248.0,12748.0,-13564.0,-4506.0,-2866.0,1920.0
41.18894124031067,-820.0,-22180.0,-15156.0,1731.0,-2673.0,873.0,636.0,13144.0,-12924.0,-3854.0,-487.0,774.0
41.24853467941284,-1184.0,-22812.0,-14812.0,-1438.0,-3203.0,146.0,-1736.0,13044.0,-13748.0,-2318.0,1296.0,904.0
41.371620655059814,-1184.0,-22444.0,-14388.0,584.0,-3014.0,-278.0,-1088.0,12764.0,-13100.0,-2578.0,1732.0,177.0
41.49083113670349,-604.0,-22480.0,-14972.0,658.0,-2139.0,-333.0,-1064.0,12736.0,-13464.0,-2132.0,998.0,-90.0
41.66962742805481,-484.0,-22012.0,-15356.0,389.0,-36.0,-364.0,-816.0,12472.0,-13784.0,-10.0,-225.0,-591.0
41.67073130607605,-680.0,-22280.0,-15396.0,-1319.0,1112.0,-457.0,-1356.0,12500.0,-13948.0,1482.0,696.0,-337.0
41.728888511657715,-860.0,-22232.0,-14580.0,-497.0,2031.0,-426.0,-1100.0,12740.0,-13876.0,2078.0,-261.0,-449.0
41.84906792640686,-1216.0,-22400.0,-14732.0,-439.0,2251.0,-605.0,-796.0,13356.0,-13824.0,1227.0,-1061.0,-1771.0
41.9685583114624,-1048.0,-22280.0,-14276.0,-1151.0,1447.0,-879.0,-1604.0,12752.0,-13156.0,1408.0,-4.0,-1529.0
42.028642654418945,-1392.0,-22632.0,-14320.0,-154.0,1605.0,-386.0,-1180.0,13244.0,-13544.0,1354.0,-333.0,-584.0
42.208722829818726,-1208.0,-22336.0,-14420.0,61.0,451.0,-200.0,-956.0,13064.0,-13916.0,271.0,-164.0,-392.0
42.26829481124878,-860.0,-22268.0,-14544.0,-10.0,49.0,-221.0,-656.0,12680.0,-13832.0,-238.0,255.0,-543.0
42.38822388648987,-432.0,-22228.0,-14544.0,-67.0,-106.0,-429.0,-1452.0,12324.0,-13944.0,-685.0,727.0,-830.0
42.45075726509094,-688.0,-21940.0,-14684.0,42.0,329.0,-219.0,-1280.0,12152.0,-13796.0,58.0,6.0,-214.0
42.568971157073975,-376.0,-22052.0,-14504.0,-681.0,299.0,41.0,-936.0,12096.0,-13660.0,540.0,606.0,19.0
42.62875151634216,-324.0,-22276.0,-14628.0,-344.0,36.0,-313.0,-848.0,11732.0,-13824.0,704.0,3264.0,-1021.0
42.74874448776245,-364.0,-22080.0,-15044.0,-899.0,-215.0,-409.0,-1584.0,11556.0,-15600.0,209.0,2236.0,-635.0
42.86943173408508,-216.0,-22024.0,-15480.0,506.0,127.0,97.0,-1220.0,11516.0,-15504.0,90.0,-660.0,-70.0
42.92909002304077,-784.0,-22068.0,-14796.0,-1222.0,618.0,-49.0,-1008.0,11848.0,-15316.0,471.0,410.0,-222.0
43.056822776794434,-516.0,-22516.0,-14980.0,124.0,-2.0,-77.0,-1296.0,11636.0,-15028.0,-113.0,-130.0,-221.0
43.16929888725281,-792.0,-22400.0,-14700.0,181.0,-252.0,-20.0,-928.0,11968.0,-14816.0,-388.0,-384.0,74.0
43.288350343704224,-564.0,-22264.0,-14880.0,478.0,-205.0,130.0,-1288.0,11928.0,-15008.0,-372.0,-913.0,340.0
43.47059917449951,-528.0,-22040.0,-14872.0,85.0,-348.0,176.0,-1040.0,11856.0,-14828.0,-293.0,-762.0,476.0
43.4706072807312,-404.0,-22084.0,-14572.0,-168.0,-455.0,84.0,-1524.0,11844.0,-14668.0,-517.0,-544.0,528.0
43.533026456832886,-772.0,-22564.0,-14536.0,1811.0,-876.0,367.0,-1780.0,11708.0,-14028.0,-1669.0,-3500.0,1407.0
43.650742053985596,-772.0,-22148.0,-14428.0,245.0,-481.0,321.0,-152.0,12400.0,-12452.0,-971.0,-3465.0,1730.0
43.777812480926514,-748.0,-22136.0,-14412.0,617.0,-332.0,538.0,148.0,12400.0,-12616.0,-171.0,-1371.0,667.0
43.8284227848053,-740.0,-22164.0,-14288.0,-881.0,-253.0,75.0,-952.0,12276.0,-12888.0,-152.0,178.0,-99.0
44.0083270072937,-520.0,-22068.0,-14544.0,-463.0,58.0,19.0,-340.0,12372.0,-12460.0,-642.0,647.0,-819.0
44.06996464729309,-556.0,-22700.0,-14528.0,-1243.0,368.0,-237.0,796.0,11900.0,-11780.0,374.0,2333.0,-2489.0
44.128411293029785,-2068.0,-22248.0,-13912.0,1517.0,1101.0,-1682.0,-16.0,9704.0,-13372.0,833.0,4457.0,-8940.0
44.24846792221069,-1916.0,-22164.0,-14852.0,4500.0,5374.0,-562.0,3380.0,9160.0,-12876.0,978.0,-11370.0,-16684.0
44.36918878555298,304.0,-21216.0,-12276.0,3341.0,1772.0,-479.0,4240.0,3820.0,-11804.0,-2127.0,-12490.0,-22913.0
44.42857909202576,212.0,-21792.0,-11488.0,643.0,-1002.0,-1760.0,4836.0,-3576.0,-11624.0,-5494.0,286.0,-25604.0
44.548505544662476,2608.0,-21564.0,-11560.0,502.0,-3954.0,-2611.0,5724.0,-9412.0,-12000.0,-7347.0,-1103.0,-24281.0
44.728999614715576,2928.0,-21228.0,-11712.0,-388.0,-2347.0,-3628.0,9416.0,-7748.0,-11528.0,-5650.0,-958.0,-12372.0
44.72900676727295,1132.0,-21500.0,-12424.0,-2905.0,3720.0,-3156.0,10188.0,-5292.0,-11904.0,-2205.0,1299.0,-2504.0
44.908740520477295,-172.0,-21536.0,-12288.0,-1983.0,1832.0,547.0,10500.0,-4420.0,-11600.0,7.0,2607.0,1666.0
44.96847939491272,1300.0,-21792.0,-11884.0,-1014.0,5.0,2414.0,10988.0,-5876.0,-11224.0,1956.0,-168.0,5784.0
45.09288477897644,1696.0,-21924.0,-11824.0,357.0,-366.0,1251.0,11928.0,-6296.0,-11596.0,3689.0,-2451.0,9430.0
45.148736000061035,2812.0,-21880.0,-11384.0,935.0,-901.0,-1865.0,10364.0,-7244.0,-11520.0,1511.0,-2512.0,11914.0
45.26916456222534,3032.0,-21612.0,-11784.0,2465.0,-5019.0,-6396.0,7136.0,-5656.0,-12416.0,-644.0,-1895.0,12612.0
45.329277753829956,2556.0,-21496.0,-12768.0,2298.0,-2727.0,-9048.0,4256.0,-2344.0,-12312.0,-2938.0,-1583.0,10077.0
45.4485125541687,7300.0,-20088.0,-12924.0,8632.0,-8221.0,-8751.0,7992.0,-352.0,-10832.0,-2552.0,3381.0,5032.0
45.5695059299469,5512.0,-17860.0,-12892.0,-1435.0,-306.0,-10105.0,5088.0,-1120.0,-10468.0,-12.0,5568.0,1345.0
45.62838816642761,7320.0,-14944.0,-12412.0,-900.0,-4291.0,-10650.0,4840.0,2060.0,-14812.0,-3884.0,13328.0,-4225.0
45.74998116493225,5416.0,-13112.0,-14652.0,-3024.0,-9412.0,-5197.0,-808.0,3332.0,-20920.0,-8396.0,13484.0,-378.0
45.87010383605957,11272.0,-12152.0,-16308.0,-929.0,-9585.0,2181.0,896.0,844.0,-23352.0,-6267.0,18583.0,6784.0
45.928537130355835,11604.0,-15508.0,-19496.0,-1115.0,-5154.0,2039.0,4700.0,516.0,-21192.0,-6593.0,7244.0,3051.0
46.05166935920715,11228.0,-16172.0,-17944.0,4655.0,-5035.0,3787.0,3616.0,76.0,-25084.0,-7293.0,2010.0,1724.0
46.168734312057495,9212.0,-16596.0,-19088.0,6605.0,-736.0,233.0,5260.0,2756.0,-27872.0,-2683.0,-906.0,-2785.0
46.229920625686646,9992.0,-15872.0,-19188.0,1510.0,-2045.0,360.0,6172.0,2028.0,-26604.0,-2153.0,-1492.0,-945.0
46.34935998916626,8380.0,-15888.0,-18860.0,-235.0,743.0,345.0,5004.0,3140.0,-27356.0,218.0,71.0,629.0
46.46848773956299,8420.0,-16152.0,-17748.0,-1512.0,-354.0,-484.0,4368.0,3108.0,-26872.0,575.0,-738.0,846.0
46.530097007751465,7772.0,-16636.0,-17724.0,373.0,1111.0,-16.0,5216.0,3276.0,-26668.0,534.0,305.0,124.0
46.64832067489624,8532.0,-15988.0,-18228.0,-2.0,333.0,4.0,4316.0,3260.0,-26312.0,-263.0,-104.0,-139.0
46.768768548965454,8564.0,-16020.0,-18552.0,-252.0,-503.0,-362.0,4576.0,3144.0,-26740.0,-218.0,-560.0,-106.0
46.82884430885315,8776.0,-16100.0,-18104.0,-424.0,639.0,46.0,4592.0,3244.0,-26520.0,-12.0,-468.0,396.0
46.94872498512268,8880.0,-16088.0,-17864.0,278.0,-50.0,-103.0,4764.0,3184.0,-26612.0,11.0,-589.0,335.0
47.06994271278381,8544.0,-15864.0,-18168.0,-368.0,527.0,125.0,4364.0,3388.0,-26500.0,289.0,-38.0,311.0
47.13002157211304,8648.0,-16128.0,-17924.0,-630.0,194.0,-19.0,4008.0,3292.0,-26344.0,464.0,-259.0,354.0
47.25001645088196,8640.0,-16160.0,-18068.0,-520.0,857.0,156.0,4116.0,3228.0,-26252.0,693.0,-88.0,317.0
47.42933464050293,8636.0,-16288.0,-17584.0,-243.0,716.0,150.0,4268.0,3300.0,-26368.0,512.0,-38.0,39.0
47.609522104263306,8776.0,-15996.0,-17588.0,-172.0,462.0,-20.0,4176.0,3260.0,-26192.0,289.0,-276.0,-179.0
47.6679892539978,8732.0,-16000.0,-17920.0,-282.0,325.0,-127.0,4312.0,3236.0,-26276.0,245.0,-173.0,-8.0
47.7922306060791,8556.0,-15996.0,-17864.0,-481.0,102.0,-159.0,4244.0,3200.0,-26204.0,240.0,-110.0,139.0
47.84778666496277,8636.0,-15936.0,-17684.0,-170.0,45.0,-77.0,4252.0,3272.0,-26100.0,149.0,-188.0,126.0
47.85351490974426,8736.0,-16084.0,-17776.0,-230.0,305.0,53.0,4104.0,3336.0,-26184.0,131.0,-120.0,205.0
47.96864628791809,8564.0,-16136.0,-17760.0,-110.0,155.0,74.0,4164.0,3464.0,-26144.0,137.0,4.0,241.0
48.02818536758423,8880.0,-16200.0,-17640.0,-266.0,199.0,19.0,4072.0,3276.0,-25940.0,231.0,38.0,143.0
48.207884550094604,8664.0,-16080.0,-17524.0,-477.0,170.0,29.0,4092.0,3356.0,-25980.0,216.0,92.0,210.0
48.328612327575684,8728.0,-16124.0,-17676.0,-173.0,234.0,-41.0,4028.0,3340.0,-26088.0,132.0,69.0,43.0
48.389803886413574,8608.0,-16260.0,-17852.0,-318.0,193.0,-31.0,3956.0,3332.0,-25964.0,261.0,1.0,169.0
48.511425733566284,8736.0,-16280.0,-17488.0,-434.0,316.0,-20.0,4020.0,3376.0,-25908.0,248.0,166.0,159.0
48.56941485404968,8644.0,-16248.0,-17492.0,-44.0,-57.0,16.0,4084.0,3248.0,-25788.0,-89.0,58.0,-54.0
48.688146352767944,8692.0,-16108.0,-17760.0,131.0,-79.0,14.0,3972.0,3292.0,-25976.0,-151.0,17.0,-177.0
48.74883961677551,8836.0,-16112.0,-17564.0,-262.0,25.0,-27.0,4052.0,3288.0,-25988.0,-196.0,-414.0,-168.0
48.87728452682495,8728.0,-16056.0,-17780.0,-83.0,-140.0,-81.0,3892.0,3216.0,-25924.0,-170.0,-422.0,-304.0
48.929731607437134,8836.0,-15896.0,-17844.0,78.0,132.0,39.0,4176.0,3328.0,-25956.0,-88.0,-143.0,-103.0
49.04842829704285,8568.0,-16088.0,-17724.0,-359.0,1.0,43.0,4112.0,3236.0,-25796.0,-11.0,214.0,83.0
49.22926473617554,8688.0,-16100.0,-17692.0,62.0,95.0,49.0,3792.0,3332.0,-25940.0,-51.0,-12.0,61.0
49.22927212715149,8608.0,-16152.0,-17768.0,109.0,-17.0,7.0,3944.0,3224.0,-25952.0,-155.0,-210.0,-151.0
49.35774874687195,8492.0,-16096.0,-17788.0,-3.0,33.0,20.0,3908.0,3356.0,-26072.0,-76.0,-33.0,-22.0
49.468668699264526,8596.0,-16176.0,-17816.0,-128.0,198.0,-23.0,3804.0,3324.0,-25912.0,132.0,8.0,-30.0
49.58878946304321,8692.0,-16084.0,-17764.0,-182.0,257.0,52.0,3936.0,3260.0,-25968.0,108.0,-84.0,10.0
49.649717569351196,8532.0,-16180.0,-17852.0,-249.0,461.0,25.0,4108.0,3444.0,-26112.0,182.0,-113.0,49.0
49.77938914299011,8568.0,-16192.0,-17840.0,294.0,-150.0,1.0,3780.0,3396.0,-25768.0,176.0,106.0,81.0
49.8300461769104,8720.0,-16384.0,-17600.0,-492.0,241.0,-40.0,3876.0,3364.0,-25596.0,218.0,-4.0,99.0
49.95036339759827,8460.0,-16272.0,-17432.0,-133.0,151.0,0.0,3736.0,3372.0,-25776.0,124.0,-293.0,29.0
50.12875556945801,8624.0,-16156.0,-17800.0,-78.0,341.0,-62.0,3912.0,3212.0,-25648.0,117.0,51.0,-104.0
50.128763914108276,8668.0,-16164.0,-17528.0,-479.0,156.0,8.0,3732.0,3168.0,-25452.0,116.0,38.0,62.0
50.31048130989075,8532.0,-16268.0,-17508.0,-281.0,248.0,-24.0,3856.0,3256.0,-25728.0,107.0,-64.0,-40.0
50.36823797225952,8660.0,-16152.0,-17736.0,-63.0,126.0,27.0,3840.0,3148.0,-25716.0,-2.0,157.0,-8.0
50.492459297180176,8612.0,-16116.0,-17808.0,-191.0,279.0,97.0,3684.0,3320.0,-25640.0,81.0,258.0,171.0
50.55062174797058,8760.0,-16312.0,-17656.0,-372.0,155.0,-64.0,3560.0,3316.0,-25700.0,181.0,86.0,23.0
50.67130732536316,8572.0,-16220.0,-17444.0,-216.0,40.0,-124.0,3908.0,3184.0,-25668.0,160.0,-140.0,-48.0
50.72827100753784,8672.0,-16216.0,-17476.0,67.0,-7.0,-208.0,3916.0,3372.0,-25628.0,124.0,42.0,-138.0
50.848177433013916,8840.0,-16012.0,-17604.0,-231.0,6.0,-130.0,3828.0,3224.0,-25548.0,193.0,126.0,-32.0
51.028998374938965,8792.0,-16124.0,-17536.0,-281.0,172.0,-9.0,3928.0,3144.0,-25552.0,114.0,18.0,-15.0
51.08814477920532,8592.0,-16144.0,-17580.0,-95.0,164.0,74.0,3816.0,3324.0,-25728.0,44.0,19.0,28.0
51.207979679107666,8604.0,-16208.0,-17492.0,-213.0,112.0,8.0,3720.0,3336.0,-25580.0,11.0,386.0,9.0
51.26843333244324,8764.0,-16200.0,-17500.0,71.0,-113.0,69.0,3692.0,3188.0,-25660.0,-143.0,81.0,0.0
51.32958936691284,8476.0,-16072.0,-17752.0,-283.0,206.0,13.0,4032.0,3296.0,-25720.0,7.0,85.0,68.0
51.44876027107239,8704.0,-16004.0,-17844.0,-165.0,106.0,124.0,3768.0,3252.0,-25616.0,77.0,200.0,157.0
51.56848645210266,8816.0,-16120.0,-17628.0,-428.0,292.0,125.0,3856.0,3228.0,-25736.0,154.0,172.0,157.0
51.74774479866028,8664.0,-16012.0,-17712.0,-250.0,391.0,110.0,4024.0,3284.0,-25728.0,42.0,27.0,43.0
51.749046325683594,8628.0,-16200.0,-17652.0,-273.0,149.0,163.0,3936.0,3312.0,-25788.0,92.0,123.0,53.0
51.92834806442261,8524.0,-16292.0,-17840.0,-137.0,337.0,90.0,3912.0,3328.0,-25784.0,134.0,115.0,39.0
51.93091320991516,8600.0,-16224.0,-17688.0,-415.0,205.0,4.0,3848.0,3280.0,-25784.0,205.0,159.0,122.0
52.04827356338501,8712.0,-16256.0,-17488.0,-106.0,231.0,47.0,3852.0,3300.0,-25916.0,260.0,161.0,114.0
52.169057846069336,8768.0,-16272.0,-17632.0,-487.0,298.0,-36.0,3792.0,3264.0,-25744.0,187.0,118.0,131.0
52.22820997238159,8456.0,-16244.0,-17628.0,-138.0,255.0,33.0,3760.0,3252.0,-25588.0,128.0,117.0,187.0
52.355693340301514,8420.0,-16328.0,-17760.0,-320.0,383.0,-6.0,3704.0,3296.0,-25676.0,140.0,-102.0,31.0
52.468523025512695,8676.0,-16264.0,-17684.0,-17.0,-59.0,-78.0,3788.0,3304.0,-25728.0,-44.0,80.0,-82.0
52.647990703582764,8424.0,-16196.0,-17552.0,99.0,-142.0,-284.0,3608.0,3380.0,-25656.0,-111.0,-122.0,-165.0
52.64912676811218,8532.0,-16304.0,-17496.0,332.0,49.0,-170.0,3708.0,3288.0,-25656.0,-137.0,-307.0,-362.0
52.76849985122681,8772.0,-16084.0,-17560.0,199.0,125.0,-17.0,3824.0,3244.0,-25484.0,-109.0,-198.0,-276.0
52.829450845718384,8688.0,-16356.0,-17420.0,261.0,-125.0,-36.0,3764.0,3324.0,-25596.0,-245.0,-3.0,-219.0
52.94901728630066,8808.0,-16156.0,-17476.0,349.0,-119.0,-148.0,3608.0,3396.0,-25396.0,-262.0,-246.0,-434.0
53.188040256500244,8736.0,-16176.0,-17552.0,341.0,-120.0,-101.0,3828.0,3172.0,-25332.0,-386.0,-337.0,-407.0
53.191428422927856,8808.0,-16156.0,-17396.0,254.0,-329.0,-24.0,3824.0,3184.0,-25440.0,-399.0,-155.0,-272.0
53.24809980392456,8588.0,-16184.0,-17672.0,260.0,-88.0,-101.0,3788.0,3276.0,-25716.0,-253.0,-70.0,-336.0
53.369298219680786,8800.0,-16092.0,-17484.0,155.0,-123.0,-148.0,3728.0,3200.0,-25496.0,-144.0,-84.0,-226.0
53.42817950248718,8656.0,-16072.0,-17696.0,-50.0,-76.0,-158.0,3752.0,3100.0,-25628.0,20.0,-6.0,-91.0
53.56052255630493,8648.0,-16132.0,-17640.0,-299.0,70.0,-119.0,3768.0,3252.0,-25548.0,163.0,55.0,-26.0
53.728716135025024,8600.0,-15956.0,-17564.0,-384.0,74.0,-211.0,3720.0,3180.0,-25396.0,198.0,157.0,23.0
53.78995060920715,8808.0,-16100.0,-17516.0,-362.0,344.0,-68.0,3828.0,3228.0,-25668.0,263.0,46.0,54.0
53.90807342529297,8632.0,-16040.0,-17588.0,-300.0,372.0,-67.0,3776.0,3164.0,-25496.0,263.0,-2.0,79.0
53.969321966171265,8704.0,-16060.0,-17368.0,-276.0,265.0,-48.0,3672.0,3280.0,-25412.0,190.0,87.0,120.0
54.088226079940796,8600.0,-16088.0,-17344.0,-59.0,66.0,4.0,3608.0,3260.0,-25460.0,26.0,129.0,43.0
54.20951986312866,8668.0,-16128.0,-17536.0,-23.0,-1.0,44.0,3692.0,3156.0,-25460.0,-44.0,-113.0,-99.0
54.26823449134827,8616.0,-16016.0,-17560.0,37.0,137.0,84.0,3680.0,3216.0,-25512.0,-27.0,-83.0,-15.0
54.33299970626831,8804.0,-16208.0,-17492.0,21.0,221.0,208.0,3608.0,3128.0,-25384.0,-44.0,-141.0,-20.0
54.44833993911743,8808.0,-16192.0,-17656.0,-41.0,347.0,199.0,3660.0,3088.0,-25536.0,93.0,53.0,-24.0
54.6286346912384,8868.0,-16232.0,-17440.0,-237.0,268.0,103.0,3540.0,3176.0,-25504.0,120.0,95.0,57.0
54.62864422798157,8664.0,-16148.0,-17548.0,-473.0,369.0,25.0,3776.0,3128.0,-25436.0,158.0,3.0,63.0
54.74855661392212,8600.0,-16096.0,-17584.0,-194.0,446.0,74.0,3568.0,3136.0,-25356.0,285.0,315.0,140.0
54.86850357055664,8656.0,-16192.0,-17412.0,-381.0,456.0,34.0,3484.0,3176.0,-25288.0,412.0,63.0,157.0
54.98921775817871,8732.0,-16204.0,-17384.0,-417.0,228.0,-46.0,3540.0,3236.0,-25324.0,364.0,-22.0,219.0
55.04979968070984,8828.0,-16152.0,-17464.0,-292.0,241.0,-2.0,3712.0,3148.0,-25456.0,306.0,54.0,221.0
55.168753147125244,8744.0,-16276.0,-17236.0,-343.0,57.0,-98.0,3760.0,3164.0,-25456.0,252.0,163.0,234.0
55.22884392738342,8564.0,-16184.0,-17364.0,-179.0,24.0,-65.0,3660.0,3112.0,-25304.0,185.0,123.0,117.0
55.35008978843689,8608.0,-16264.0,-17516.0,-169.0,150.0,-51.0,3528.0,3248.0,-25256.0,57.0,-56.0,126.0
55.53076243400574,8700.0,-16244.0,-17264.0,-27.0,-76.0,-30.0,3296.0,3240.0,-25216.0,-17.0,-56.0,15.0
55.53077030181885,8632.0,-16316.0,-17200.0,216.0,-202.0,-147.0,3492.0,3252.0,-25220.0,-215.0,-312.0,-194.0
55.709457874298096,8660.0,-16220.0,-17432.0,178.0,-283.0,-133.0,3468.0,3184.0,-25172.0,-169.0,-169.0,-214.0
55.77031207084656,8644.0,-16336.0,-17396.0,-48.0,-204.0,-50.0,3620.0,3188.0,-25100.0,-135.0,31.0,-104.0
55.88863492012024,8632.0,-16276.0,-17344.0,74.0,-172.0,-40.0,3460.0,3160.0,-25292.0,-194.0,-100.0,-115.0
55.94824504852295,8784.0,-16072.0,-17444.0,72.0,-113.0,-68.0,3376.0,3220.0,-25344.0,-165.0,-23.0,-271.0
56.06945538520813,8704.0,-16168.0,-17720.0,-128.0,117.0,67.0,3724.0,3112.0,-25508.0,-33.0,52.0,-14.0
56.12825798988342,8596.0,-16196.0,-17496.0,-485.0,230.0,10.0,3692.0,3100.0,-25364.0,212.0,188.0,126.0
56.25196433067322,8668.0,-16192.0,-17208.0,-149.0,189.0,-24.0,3492.0,3220.0,-25216.0,82.0,42.0,-63.0
56.42943787574768,8588.0,-16104.0,-17204.0,-224.0,-34.0,-69.0,3620.0,3104.0,-25280.0,-45.0,93.0,-67.0
56.42962598800659,8656.0,-16156.0,-17456.0,-176.0,104.0,-19.0,3684.0,3248.0,-25352.0,6.0,174.0,-35.0
56.56895709037781,8832.0,-16168.0,-17564.0,-191.0,285.0,83.0,3652.0,3076.0,-25364.0,42.0,73.0,-5.0
56.66907334327698,8620.0,-16268.0,-17464.0,-143.0,246.0,-48.0,3568.0,3156.0,-25316.0,71.0,142.0,-48.0
56.789957761764526,8556.0,-16144.0,-17304.0,-168.0,-35.0,-13.0,3628.0,3132.0,-25416.0,38.0,183.0,-3.0
56.847859621047974,8680.0,-16288.0,-17476.0,-160.0,221.0,-3.0,3440.0,3236.0,-25272.0,143.0,67.0,86.0
56.969531774520874,8516.0,-16280.0,-17464.0,-406.0,228.0,-25.0,3524.0,3300.0,-25340.0,186.0,130.0,121.0
57.03197526931763,8552.0,-16244.0,-17468.0,-208.0,193.0,-68.0,3620.0,3276.0,-25428.0,183.0,63.0,109.0
57.14829111099243,8624.0,-16240.0,-17364.0,-241.0,35.0,-124.0,3544.0,3268.0,-25216.0,146.0,43.0,44.0
57.328107833862305,8664.0,-16332.0,-17328.0,-178.0,-21.0,-131.0,3416.0,3220.0,-25212.0,116.0,200.0,25.0
57.38896822929382,8828.0,-16280.0,-17152.0,-43.0,-40.0,-146.0,3540.0,3124.0,-25236.0,73.0,6.0,-77.0
57.514689683914185,8624.0,-16164.0,-17348.0,30.0,140.0,-161.0,3584.0,3204.0,-25188.0,-36.0,-1.0,-259.0
57.56809592247009,8660.0,-16160.0,-17508.0,31.0,-65.0,-153.0,3648.0,3020.0,-25312.0,60.0,33.0,-195.0
57.63315677642822,8760.0,-16144.0,-17536.0,-195.0,-19.0,-157.0,3592.0,3128.0,-25364.0,89.0,211.0,-30.0
57.748140811920166,8576.0,-16036.0,-17268.0,-123.0,43.0,-84.0,3516.0,3112.0,-25384.0,98.0,83.0,-47.0
57.86801767349243,8604.0,-16120.0,-17604.0,-202.0,-37.0,-11.0,3448.0,3120.0,-25300.0,71.0,217.0,61.0
57.930903911590576,8680.0,-15952.0,-17496.0,-362.0,126.0,-54.0,3640.0,3072.0,-25432.0,180.0,193.0,115.0
58.051796436309814,8736.0,-16252.0,-17444.0,-430.0,247.0,-45.0,3504.0,3084.0,-25160.0,190.0,243.0,54.0
58.168227434158325,8812.0,-16056.0,-17564.0,-62.0,72.0,-9.0,3508.0,3016.0,-25292.0,138.0,6.0,-18.0
58.22912883758545,8748.0,-16076.0,-17412.0,-223.0,304.0,48.0,3724.0,3204.0,-25432.0,197.0,1.0,75.0
58.34832715988159,8652.0,-16044.0,-17336.0,-135.0,338.0,15.0,3700.0,3032.0,-25384.0,250.0,62.0,67.0
58.47363328933716,8744.0,-16236.0,-17236.0,-25.0,123.0,-74.0,3664.0,2968.0,-25252.0,132.0,22.0,-29.0
58.59110713005066,8824.0,-16096.0,-17352.0,-96.0,3.0,-119.0,3696.0,2884.0,-25272.0,12.0,45.0,-104.0
58.658522844314575,8756.0,-16136.0,-17428.0,-90.0,-77.0,-89.0,3620.0,2980.0,-25280.0,-62.0,78.0,-77.0
58.76930475234985,8768.0,-16152.0,-17476.0,-97.0,-69.0,-149.0,3552.0,3060.0,-25324.0,12.0,54.0,-32.0
58.829041719436646,8648.0,-16168.0,-17412.0,-248.0,12.0,-135.0,3512.0,3084.0,-25296.0,50.0,135.0,13.0
58.948484897613525,8832.0,-16112.0,-17440.0,-246.0,5.0,-102.0,3476.0,3052.0,-25200.0,113.0,95.0,44.0
59.12897515296936,8764.0,-16100.0,-17464.0,-338.0,175.0,-17.0,3676.0,2992.0,-25128.0,169.0,97.0,66.0
59.1297926902771,8668.0,-16240.0,-17216.0,-81.0,120.0,-45.0,3536.0,3112.0,-25156.0,145.0,124.0,-32.0
59.320016860961914,8720.0,-16080.0,-17364.0,-100.0,96.0,-114.0,3548.0,3000.0,-25196.0,31.0,133.0,-154.0
59.36797571182251,8816.0,-15948.0,-17384.0,149.0,-8.0,-124.0,3644.0,2976.0,-25224.0,-94.0,-18.0,-235.0
59.488280057907104,8724.0,-16024.0,-17660.0,13.0,60.0,-156.0,3688.0,2880.0,-25084.0,-19.0,159.0,-205.0
59.54997396469116,8792.0,-15952.0,-17456.0,-140.0,-2.0,-104.0,3744.0,2848.0,-25420.0,-45.0,43.0,-99.0
59.66822004318237,8824.0,-16000.0,-17568.0,-104.0,221.0,-33.0,3944.0,2880.0,-25084.0,5.0,-15.0,-22.0
59.72816491127014,8888.0,-15944.0,-17452.0,-263.0,152.0,28.0,3732.0,2924.0,-25464.0,98.0,134.0,133.0
59.848517656326294,8808.0,-16040.0,-17384.0,-309.0,208.0,89.0,3696.0,2992.0,-25240.0,115.0,145.0,190.0
60.02832007408142,8748.0,-16040.0,-17408.0,-157.0,32.0,59.0,3584.0,3012.0,-25240.0,12.0,-38.0,162.0
60.02843189239502,8904.0,-16140.0,-17552.0,-168.0,118.0,77.0,3676.0,3004.0,-25236.0,24.0,17.0,86.0
60.148417472839355,8668.0,-16360.0,-17248.0,-157.0,126.0,120.0,3624.0,3084.0,-25296.0,-27.0,9.0,100.0
60.26792573928833,8652.0,-16164.0,-17300.0,-11.0,39.0,48.0,3576.0,3096.0,-25164.0,25.0,-100.0,7.0
60.32901120185852,8844.0,-16056.0,-17432.0,-121.0,-34.0,13.0,3472.0,3124.0,-25360.0,-50.0,28.0,-58.0
60.45070481300354,8672.0,-16280.0,-17592.0,36.0,146.0,-35.0,3620.0,3092.0,-25248.0,15.0,77.0,-43.0
60.568151235580444,8720.0,-16428.0,-17524.0,-464.0,579.0,142.0,3420.0,3048.0,-25152.0,319.0,-118.0,-214.0
60.63303089141846,9508.0,-16520.0,-17528.0,-59.0,2834.0,-1135.0,2880.0,1852.0,-24072.0,2870.0,-2345.0,-1553.0
60.74802231788635,8520.0,-16016.0,-16684.0,-240.0,5504.0,-1721.0,3448.0,2396.0,-22948.0,6095.0,-1992.0,-1678.0
60.92983102798462,6292.0,-16644.0,-14476.0,-458.0,8368.0,129.0,3496.0,4688.0,-21672.0,7393.0,-7110.0,-1964.0
60.98900008201599,6096.0,-16108.0,-15320.0,2905.0,10382.0,7849.0,44.0,4396.0,-20248.0,5941.0,-23421.0,1305.0
61.0485475063324,4060.0,-17592.0,-12680.0,-1066.0,12617.0,13282.0,-1404.0,2520.0,-14904.0,8958.0,-18870.0,9116.0
61.288079261779785,1168.0,-20936.0,-10784.0,-6985.0,6922.0,14351.0,-1672.0,4248.0,-13540.0,7591.0,1788.0,13985.0
61.29042935371399,816.0,-24440.0,-10500.0,-5371.0,-2568.0,11048.0,-2732.0,5524.0,-14812.0,-51.0,6678.0,14212.0
61.34998798370361,-296.0,-23480.0,-12296.0,-253.0,-6505.0,8322.0,-996.0,8168.0,-14944.0,-5952.0,-1760.0,11007.0
61.4704167842865,-1020.0,-21780.0,-13592.0,454.0,-5139.0,5589.0,-324.0,9408.0,-14852.0,-4773.0,475.0,7560.0
61.53023934364319,-2096.0,-22972.0,-14224.0,-335.0,-3963.0,3289.0,-828.0,11572.0,-14336.0,-2981.0,-83.0,5399.0
61.64883089065552,-2424.0,-23280.0,-13660.0,-660.0,-2090.0,2770.0,-2064.0,12420.0,-13844.0,-2738.0,-3121.0,3245.0
61.82981514930725,-3000.0,-22768.0,-13384.0,-1141.0,-1522.0,1175.0,-1984.0,12896.0,-13456.0,-1506.0,1086.0,1713.0
61.82982420921326,-3868.0,-22376.0,-13332.0,-547.0,-2062.0,270.0,-316.0,13364.0,-13104.0,-1863.0,2050.0,132.0
61.94862627983093,-3696.0,-22460.0,-14376.0,369.0,-2221.0,-360.0,-388.0,13924.0,-13988.0,-2186.0,870.0,-359.0
62.06878304481506,-3552.0,-22560.0,-13756.0,-870.0,-1599.0,-871.0,-1460.0,13640.0,-14252.0,-1097.0,1589.0,-776.0
62.127745389938354,-4004.0,-22900.0,-13376.0,94.0,-806.0,-1080.0,-1492.0,13776.0,-13192.0,-755.0,278.0,-871.0
62.253127336502075,-3656.0,-22700.0,-12536.0,2170.0,-1531.0,-1459.0,-1500.0,13732.0,-14060.0,-1923.0,1644.0,-1390.0
62.37048387527466,-2684.0,-22016.0,-13228.0,985.0,-3153.0,-2247.0,928.0,12000.0,-13508.0,-2683.0,2140.0,-2400.0
62.427815675735474,-1284.0,-21156.0,-12664.0,-2250.0,-3570.0,-2697.0,1944.0,10420.0,-14324.0,-1173.0,11681.0,-4305.0
62.61273670196533,-1072.0,-21952.0,-13560.0,-4914.0,-2685.0,-3098.0,-3824.0,10164.0,-18460.0,-545.0,9916.0,-4603.0
62.7297945022583,-684.0,-22596.0,-13744.0,2591.0,-1314.0,-806.0,-3400.0,9680.0,-18640.0,-316.0,4844.0,-3183.0
62.790289640426636,-1024.0,-22228.0,-13992.0,-99.0,-1310.0,-2022.0,-744.0,9172.0,-18348.0,-998.0,1223.0,-2661.0
62.848299980163574,-792.0,-22200.0,-13940.0,-1327.0,-1357.0,-1945.0,-1828.0,9444.0,-18092.0,-550.0,2298.0,-2133.0
62.96832060813904,-876.0,-23400.0,-13780.0,-317.0,-863.0,1002.0,-2048.0,9680.0,-18432.0,-2181.0,-1283.0,-729.0
63.08860492706299,-200.0,-21800.0,-15680.0,2024.0,-590.0,1612.0,-1280.0,8624.0,-21116.0,-2114.0,-2150.0,340.0
63.14790630340576,-916.0,-22044.0,-15228.0,-868.0,-1302.0,712.0,-336.0,9008.0,-20464.0,-838.0,3565.0,756.0
63.26858377456665,112.0,-22796.0,-15288.0,978.0,-199.0,-614.0,-360.0,8484.0,-21260.0,-395.0,-1292.0,-46.0
63.38999390602112,-228.0,-21852.0,-15724.0,-1280.0,-729.0,-856.0,-132.0,8920.0,-21028.0,-1985.0,-905.0,-355.0
63.44980788230896,-688.0,-21864.0,-15768.0,-1387.0,-590.0,-736.0,-768.0,9864.0,-20700.0,-802.0,389.0,41.0
63.570653438568115,-632.0,-22120.0,-15604.0,-743.0,-814.0,-770.0,-2492.0,9996.0,-20944.0,-449.0,1141.0,647.0
63.628596782684326,-172.0,-22280.0,-15616.0,1174.0,70.0,-1064.0,-2600.0,9420.0,-20128.0,602.0,-1970.0,1020.0
63.74851202964783,-676.0,-21812.0,-14964.0,1257.0,-2518.0,-1342.0,-252.0,10496.0,-20160.0,-926.0,1727.0,416.0
63.87087154388428,-584.0,-23204.0,-16204.0,732.0,-5639.0,-2127.0,-956.0,10624.0,-21500.0,-3106.0,5132.0,-1549.0
63.92840266227722,584.0,-22256.0,-17176.0,3038.0,-5323.0,-537.0,-1400.0,9724.0,-23592.0,-4155.0,626.0,-2837.0
64.04815816879272,1312.0,-21656.0,-17148.0,722.0,-4903.0,286.0,-1128.0,9068.0,-23088.0,-5198.0,-911.0,-1284.0
64.1685516834259,-200.0,-21364.0,-16176.0,2602.0,-5614.0,894.0,644.0,9664.0,-22076.0,-6229.0,-1100.0,-448.0
64.23367166519165,488.0,-22844.0,-15912.0,-518.0,-5258.0,2373.0,-1388.0,10304.0,-22752.0,-7577.0,-3553.0,-325.0
64.348153591156,-168.0,-21812.0,-15772.0,4830.0,-7956.0,1876.0,-900.0,10712.0,-21560.0,-9740.0,-5182.0,163.0
64.46810579299927,-572.0,-22244.0,-16548.0,3303.0,-9425.0,2555.0,-496.0,10932.0,-22236.0,-10211.0,-2030.0,683.0
64.52890038490295,44.0,-22216.0,-16316.0,2101.0,-10107.0,2096.0,-1972.0,10012.0,-21388.0,-10089.0,135.0,-164.0
64.64895939826965,-1192.0,-22820.0,-15356.0,1874.0,-9419.0,506.0,-264.0,11468.0,-19456.0,-9863.0,-352.0,-1107.0
64.82933568954468,-2324.0,-20576.0,-14404.0,1663.0,-10448.0,-52.0,384.0,12160.0,-18332.0,-10831.0,1157.0,-1184.0
64.82934617996216,-860.0,-22852.0,-14136.0,2286.0,-11195.0,1185.0,-1180.0,11872.0,-18732.0,-11521.0,-720.0,-1406.0
64.9517297744751,-1944.0,-23408.0,-14204.0,986.0,-11941.0,301.0,-1684.0,12172.0,-17872.0,-12490.0,120.0,-2117.0
65.06816506385803,-1512.0,-22912.0,-14764.0,3775.0,-12440.0,929.0,-1932.0,11668.0,-18464.0,-12752.0,-210.0,-1784.0
65.1284863948822,-544.0,-22996.0,-14392.0,2952.0,-11100.0,795.0,-2120.0,10596.0,-18340.0,-11199.0,661.0,-1865.0
65.24829626083374,-1072.0,-21372.0,-14392.0,2902.0,-9203.0,-41.0,-372.0,11180.0,-17260.0,-9168.0,-391.0,-1284.0
65.4280092716217,-444.0,-21428.0,-14216.0,960.0,-7299.0,167.0,-924.0,10484.0,-17540.0,-7171.0,98.0,-1275.0
65.42928576469421,-396.0,-21736.0,-13912.0,689.0,-5563.0,-12.0,-932.0,10884.0,-17376.0,-5099.0,739.0,-623.0
65.60967206954956,-1864.0,-21740.0,-13220.0,-639.0,-4114.0,502.0,-644.0,12652.0,-16992.0,-4295.0,813.0,-57.0
65.66931509971619,-632.0,-25432.0,-14492.0,1035.0,-3811.0,2928.0,-4256.0,12060.0,-19112.0,-4389.0,840.0,-64.0
65.78844881057739,-2356.0,-22484.0,-13984.0,505.0,-3050.0,1026.0,-524.0,12236.0,-18048.0,-3276.0,-403.0,740.0
65.96847867965698,-2416.0,-22064.0,-14940.0,98.0,-4149.0,307.0,208.0,11988.0,-18476.0,-4563.0,192.0,-25.0
65.96854043006897,-1716.0,-21788.0,-15840.0,1135.0,-6276.0,-769.0,240.0,12072.0,-18948.0,-6034.0,301.0,-949.0
66.03271222114563,480.0,-23908.0,-17172.0,1744.0,-5065.0,-21.0,-3100.0,10644.0,-21372.0,-5165.0,4.0,-2869.0
66.20761346817017,-1488.0,-21356.0,-15464.0,-481.0,-3873.0,-2248.0,400.0,11632.0,-18924.0,-3349.0,1584.0,-1557.0
66.32925963401794,-444.0,-22564.0,-17064.0,948.0,-3662.0,-1047.0,-1792.0,11400.0,-19920.0,-3207.0,-573.0,-2223.0
66.32926750183105,572.0,-21264.0,-16404.0,1589.0,-327.0,831.0,-1000.0,9984.0,-19164.0,-660.0,-1046.0,16.0
66.50897216796875,452.0,-24360.0,-15772.0,-2868.0,3637.0,1622.0,-2740.0,10768.0,-19160.0,3103.0,1603.0,1958.0
66.56820154190063,360.0,-23184.0,-13804.0,-401.0,3832.0,1294.0,-3128.0,9540.0,-17720.0,4238.0,442.0,2094.0
66.68779420852661,-244.0,-21176.0,-14292.0,806.0,5293.0,-54.0,560.0,9708.0,-16968.0,5962.0,-311.0,2667.0
66.74829339981079,-100.0,-21552.0,-13792.0,-1972.0,8211.0,-1233.0,276.0,10184.0,-18140.0,8237.0,-517.0,1613.0
66.86884546279907,376.0,-21868.0,-13232.0,-1721.0,7452.0,-1850.0,-1688.0,10252.0,-18324.0,8332.0,1827.0,-231.0
66.92798948287964,776.0,-21232.0,-13396.0,-1869.0,8194.0,-1333.0,-1684.0,9832.0,-18152.0,8631.0,105.0,468.0
67.04814910888672,-144.0,-22716.0,-13148.0,-2759.0,7354.0,-818.0,-1432.0,10928.0,-18640.0,7336.0,3586.0,427.0
67.18110823631287,140.0,-21872.0,-14336.0,-506.0,7636.0,480.0,-1728.0,10468.0,-19160.0,7283.0,-914.0,1678.0
67.22798347473145,400.0,-22184.0,-14652.0,-1415.0,10115.0,1615.0,-2700.0,10048.0,-20304.0,8905.0,-2226.0,3928.0
67.40851068496704,-1776.0,-21912.0,-14268.0,-1386.0,12100.0,347.0,-1120.0,12144.0,-19004.0,11147.0,-1638.0,4294.0
67.47028017044067,-2216.0,-22804.0,-13272.0,-963.0,9703.0,-918.0,-1068.0,12520.0,-19896.0,10066.0,284.0,1714.0
67.53354835510254,-2624.0,-22436.0,-13908.0,344.0,8484.0,-1549.0,-708.0,12992.0,-19540.0,8345.0,-1260.0,827.0
67.64973855018616,-2360.0,-20748.0,-14284.0,-349.0,5330.0,-992.0,-560.0,12684.0,-19800.0,5681.0,24.0,1593.0
67.77484393119812,-604.0,-24248.0,-15496.0,-219.0,6120.0,262.0,-1632.0,11776.0,-20860.0,6308.0,151.0,1147.0
67.82826900482178,-2732.0,-22752.0,-14480.0,-2489.0,6868.0,-338.0,-388.0,13552.0,-19840.0,6430.0,95.0,1740.0
67.94838047027588,-3272.0,-22136.0,-15520.0,-808.0,6617.0,338.0,-288.0,13812.0,-20388.0,6364.0,-1136.0,2489.0
68.13003063201904,-3368.0,-22676.0,-15196.0,-2264.0,5741.0,45.0,-44.0,13940.0,-20572.0,5760.0,401.0,2422.0
68.13075494766235,-3224.0,-23360.0,-14288.0,-1395.0,4170.0,-1134.0,-980.0,14276.0,-20020.0,4419.0,-46.0,651.0
68.31307005882263,-3260.0,-23216.0,-14444.0,72.0,3369.0,-1525.0,-1144.0,14544.0,-19716.0,2948.0,-1462.0,-873.0
68.36799049377441,-3844.0,-21916.0,-14888.0,437.0,3195.0,-998.0,-592.0,14940.0,-19776.0,2863.0,-1242.0,-24.0
68.42947959899902,-2388.0,-22980.0,-15352.0,-974.0,3521.0,692.0,-804.0,13756.0,-20592.0,3454.0,33.0,1343.0
68.54854202270508,-2264.0,-22668.0,-13432.0,-3020.0,3038.0,-483.0,-816.0,13496.0,-18924.0,3012.0,976.0,799.0
68.67015027999878,-2360.0,-21884.0,-14640.0,792.0,2337.0,-234.0,-456.0,13256.0,-19028.0,2164.0,-1240.0,480.0
68.84837651252747,-1372.0,-21452.0,-14616.0,-1737.0,3183.0,-88.0,-532.0,12080.0,-19252.0,3217.0,215.0,1001.0
68.90784811973572,-1144.0,-22864.0,-14648.0,-1151.0,3179.0,-659.0,-1436.0,12384.0,-19536.0,3610.0,1316.0,419.0
69.02865982055664,-836.0,-22024.0,-14552.0,-194.0,3888.0,-508.0,-1088.0,11904.0,-19368.0,4073.0,266.0,119.0
69.08775758743286,-744.0,-22524.0,-14860.0,-1544.0,5038.0,-905.0,-420.0,11824.0,-19556.0,5026.0,246.0,742.0
69.20830845832825,-860.0,-22988.0,-14736.0,-1819.0,5420.0,-1866.0,-1260.0,12276.0,-19932.0,5520.0,327.0,-554.0
69.2694320678711,-1448.0,-22296.0,-14700.0,19.0,5545.0,-1335.0,-916.0,12128.0,-20024.0,5187.0,-1393.0,-509.0
69.3885886669159,-1920.0,-22344.0,-14680.0,-1970.0,4377.0,-1678.0,-708.0,13056.0,-20036.0,4619.0,841.0,181.0
69.44859457015991,-1164.0,-22456.0,-14052.0,-606.0,2796.0,-882.0,-1400.0,12772.0,-19740.0,2954.0,-115.0,67.0
69.57155656814575,60.0,-23308.0,-13976.0,1.0,1322.0,-1403.0,-1712.0,11316.0,-19356.0,1383.0,-923.0,-708.0
69.62802839279175,96.0,-22064.0,-14408.0,2009.0,2076.0,-1821.0,-1196.0,10920.0,-18976.0,1920.0,-1756.0,-1915.0
69.74798965454102,-200.0,-21076.0,-13800.0,-1364.0,3783.0,-1652.0,-568.0,11200.0,-18532.0,3841.0,29.0,-961.0
69.92843055725098,-312.0,-21488.0,-13340.0,-2198.0,4053.0,-1026.0,-932.0,11208.0,-18136.0,4395.0,513.0,215.0
69.92844009399414,-376.0,-22096.0,-13392.0,-1849.0,3331.0,-504.0,-1372.0,11496.0,-18680.0,4002.0,1509.0,613.0
70.1079466342926,-828.0,-22432.0,-13120.0,-1181.0,3380.0,-1020.0,-936.0,11604.0,-18252.0,3817.0,798.0,131.0
70.16838383674622,-1256.0,-22640.0,-12204.0,-1521.0,1666.0,-1591.0,-1256.0,12624.0,-18276.0,1998.0,1324.0,-1145.0
70.35012793540955,1660.0,-25092.0,-14088.0,3649.0,-2615.0,-916.0,-5024.0,10248.0,-19648.0,-1802.0,-2392.0,-3235.0
70.35013556480408,2740.0,-22976.0,-14292.0,9166.0,-934.0,433.0,-2328.0,9076.0,-19964.0,-1704.0,-6674.0,-1708.0
70.52806162834167,96.0,-19816.0,-12112.0,2286.0,-534.0,-2034.0,2076.0,9768.0,-17648.0,-801.0,-1682.0,-2069.0
70.52861261367798,1640.0,-19288.0,-13952.0,4327.0,-3311.0,593.0,-296.0,8716.0,-19472.0,-2730.0,-786.0,-2080.0
70.64815092086792,2428.0,-20248.0,-14476.0,1248.0,-3200.0,2788.0,944.0,7960.0,-20092.0,-1547.0,841.0,-790.0
70.76789879798889,1672.0,-19540.0,-13944.0,-3114.0,-2103.0,3300.0,-1932.0,6628.0,-19656.0,-498.0,3160.0,-391.0
70.82811403274536,988.0,-22420.0,-13416.0,-2663.0,-994.0,2089.0,-2196.0,6968.0,-19752.0,423.0,4652.0,-397.0
70.9497754573822,-196.0,-23304.0,-12860.0,-3487.0,-1463.0,-662.0,-1672.0,8556.0,-19424.0,78.0,3109.0,-1444.0
71.06872963905334,-556.0,-22488.0,-13160.0,-852.0,-2405.0,-172.0,-1856.0,8788.0,-19628.0,-1595.0,833.0,-1975.0
71.1897759437561,-1204.0,-21748.0,-14040.0,-392.0,-2328.0,386.0,-1232.0,9180.0,-19940.0,-2002.0,637.0,-1272.0
71.24866676330566,-872.0,-22592.0,-13776.0,466.0,-2819.0,686.0,136.0,8392.0,-19484.0,-1498.0,449.0,-1681.0
71.36920094490051,1668.0,-21708.0,-14516.0,-370.0,-685.0,-447.0,-1720.0,6164.0,-20208.0,-933.0,-74.0,-419.0
71.42847967147827,2080.0,-21404.0,-14512.0,-1829.0,1395.0,663.0,-1204.0,4952.0,-20260.0,-297.0,-463.0,677.0
71.54929208755493,3832.0,-20456.0,-15596.0,-1688.0,837.0,1402.0,-44.0,4820.0,-20528.0,-168.0,657.0,1399.0
71.66799569129944,1932.0,-19596.0,-16924.0,-1319.0,3770.0,1954.0,1516.0,5020.0,-20472.0,2488.0,-760.0,4614.0
71.72979044914246,-100.0,-22232.0,-16372.0,-6050.0,8478.0,250.0,1776.0,7120.0,-20544.0,7226.0,4654.0,3046.0
71.84860253334045,-648.0,-23756.0,-15872.0,-5199.0,7666.0,-1338.0,248.0,7432.0,-21244.0,8662.0,5839.0,-559.0
71.96971869468689,-1416.0,-22848.0,-15456.0,-3797.0,7096.0,-3532.0,-84.0,7868.0,-21112.0,7838.0,3962.0,-2050.0
72.02819514274597,-700.0,-21828.0,-16184.0,-2709.0,4284.0,-4150.0,616.0,8108.0,-22096.0,5181.0,2901.0,-2479.0
72.14842081069946,1136.0,-21724.0,-17144.0,-706.0,280.0,-3264.0,1044.0,6712.0,-23028.0,2579.0,1903.0,-2257.0
72.26792049407959,960.0,-19260.0,-17900.0,-2402.0,503.0,-1603.0,2952.0,5984.0,-22120.0,659.0,323.0,-791.0
72.44874596595764,2040.0,-20560.0,-18524.0,-3063.0,-102.0,-1148.0,1416.0,4332.0,-23552.0,-255.0,1591.0,-1041.0
72.44875454902649,1660.0,-18248.0,-19264.0,-4354.0,-35.0,-4184.0,3964.0,5048.0,-22768.0,292.0,2689.0,-798.0
72.57487344741821,3904.0,-19528.0,-20208.0,-6962.0,-237.0,-4396.0,-308.0,4944.0,-24496.0,-104.0,4557.0,-1495.0
72.62803530693054,3448.0,-19060.0,-20288.0,-1922.0,256.0,-3586.0,720.0,4684.0,-23776.0,-10.0,265.0,407.0
72.8094871044159,4848.0,-19596.0,-22012.0,-3065.0,-3749.0,-3086.0,796.0,4952.0,-25704.0,-832.0,6006.0,2994.0
72.86802792549133,6896.0,-17896.0,-21824.0,-2402.0,1602.0,3455.0,1400.0,4112.0,-25436.0,-882.0,-1369.0,4782.0
72.92975616455078,5572.0,-18860.0,-21500.0,436.0,-1144.0,3086.0,2436.0,4924.0,-24852.0,-1071.0,1685.0,3014.0
73.04795575141907,4840.0,-18276.0,-21764.0,-575.0,2072.0,2764.0,1500.0,4448.0,-25072.0,1047.0,-1121.0,1983.0
73.17003917694092,3672.0,-17400.0,-20128.0,392.0,1978.0,1551.0,2956.0,6816.0,-24388.0,1374.0,131.0,1686.0
73.2279326915741,4052.0,-19048.0,-21368.0,1006.0,1546.0,1307.0,1968.0,5804.0,-25532.0,1427.0,557.0,175.0
73.35078001022339,2432.0,-19540.0,-21192.0,2560.0,-3908.0,2022.0,-4624.0,9748.0,-26172.0,-2039.0,6807.0,3968.0
73.46995615959167,1416.0,-20680.0,-21580.0,5137.0,-4808.0,2767.0,-820.0,7100.0,-25748.0,-2926.0,2355.0,5519.0
73.52802276611328,2204.0,-19976.0,-21456.0,2824.0,-1041.0,1365.0,1472.0,8592.0,-26292.0,-1115.0,2085.0,6574.0
73.64960050582886,1384.0,-19772.0,-19984.0,4581.0,1701.0,2533.0,2128.0,10872.0,-25036.0,302.0,-1790.0,9365.0
73.76973271369934,-44.0,-21856.0,-19144.0,4796.0,5041.0,6324.0,1780.0,13124.0,-25748.0,-1577.0,-6219.0,11455.0
73.88859295845032,-792.0,-23244.0,-18324.0,8709.0,8919.0,9503.0,1972.0,14532.0,-23948.0,897.0,-10969.0,11441.0
73.94821739196777,-1316.0,-28288.0,-15756.0,1876.0,9207.0,10993.0,-376.0,15692.0,-23588.0,5601.0,-7312.0,4837.0
74.06810450553894,4876.0,-25500.0,-13704.0,3296.0,9717.0,1793.0,-2248.0,11844.0,-25232.0,4509.0,773.0,-6371.0
74.24782180786133,-3808.0,-17916.0,-12256.0,3980.0,-910.0,-5053.0,2512.0,12884.0,-18752.0,136.0,-7842.0,-8177.0
74.24875450134277,-4964.0,-22688.0,-12364.0,3357.0,-4694.0,-6725.0,2316.0,14292.0,-19508.0,-4688.0,-7164.0,-15484.0
74.37219572067261,-4816.0,-21436.0,-14112.0,2957.0,-381.0,-2926.0,-1124.0,10344.0,-17040.0,-2097.0,-11870.0,-15113.0
74.42764401435852,-3188.0,-21560.0,-10908.0,1644.0,514.0,1484.0,3956.0,7444.0,-15176.0,-1592.0,-4870.0,-10206.0
74.60955858230591,-1772.0,-22632.0,-11652.0,-3550.0,1246.0,612.0,-4140.0,5216.0,-16580.0,705.0,-1189.0,-3892.0
74.66987371444702,-2832.0,-22772.0,-9812.0,3797.0,352.0,3967.0,-2248.0,3736.0,-14368.0,971.0,-8095.0,2586.0
74.73045611381531,-1944.0,-21444.0,-10156.0,-948.0,2404.0,1994.0,-3108.0,4720.0,-15680.0,-329.0,1578.0,8898.0
74.84866690635681,-3372.0,-22148.0,-12060.0,1296.0,1665.0,2918.0,404.0,7012.0,-16276.0,-588.0,-482.0,10966.0
74.9700059890747,-1008.0,-23580.0,-12244.0,-9927.0,16324.0,1192.0,-5452.0,7192.0,-15852.0,78.0,-10347.0,12495.0
75.02963757514954,-5612.0,-21288.0,-12212.0,4450.0,7806.0,-2369.0,2172.0,12700.0,-13492.0,1968.0,-469.0,5388.0
75.15142488479614,-4880.0,-22416.0,-12204.0,-4417.0,-537.0,-2307.0,-136.0,14844.0,-14972.0,376.0,4548.0,1062.0
75.3293604850769,-4352.0,-23584.0,-13912.0,-3928.0,-8813.0,667.0,-2396.0,13824.0,-15256.0,-386.0,1306.0,-1431.0
75.32936787605286,-7572.0,-22452.0,-11308.0,-1885.0,-544.0,-1530.0,-3280.0,16760.0,-16008.0,218.0,-231.0,-883.0
75.50830125808716,-3768.0,-23240.0,-12812.0,734.0,-2146.0,5.0,-2716.0,13744.0,-16056.0,-1751.0,-357.0,2403.0
75.6886260509491,-1776.0,-21940.0,-12260.0,1741.0,-1785.0,-205.0,-1764.0,12672.0,-15352.0,1.0,511.0,3698.0
75.74959802627563,-3308.0,-22184.0,-11788.0,-1339.0,-520.0,-1576.0,-660.0,13948.0,-15172.0,1363.0,3094.0,3609.0
75.74977397918701,-3892.0,-21956.0,-11844.0,1244.0,321.0,-92.0,668.0,16120.0,-15228.0,1431.0,965.0,1117.0
75.8736424446106,-3808.0,-21456.0,-12296.0,-866.0,854.0,636.0,-1272.0,15572.0,-17928.0,1547.0,-376.0,-550.0
76.05005097389221,-4560.0,-21368.0,-12444.0,-1957.0,-1397.0,791.0,-156.0,16172.0,-18232.0,227.0,4804.0,671.0
76.05005741119385,-3284.0,-24256.0,-12116.0,-2751.0,-3290.0,431.0,-580.0,17456.0,-17776.0,-4081.0,6102.0,851.0
76.2467052936554,-5508.0,-23060.0,-13180.0,403.0,-5724.0,-584.0,-748.0,16880.0,-18576.0,-6080.0,3561.0,-1689.0
76.28758120536804,1252.0,-22220.0,-17808.0,-9904.0,-20586.0,-1271.0,-3248.0,9960.0,-21504.0,-7242.0,-1045.0,-5379.0
76.34917163848877,588.0,-18376.0,-18148.0,3703.0,-1299.0,-986.0,836.0,10148.0,-20844.0,714.0,-2067.0,-4320.0
76.47104787826538,-2820.0,-20728.0,-14468.0,-6435.0,3207.0,-2265.0,2548.0,13188.0,-18824.0,4388.0,3286.0,-1132.0
76.5882089138031,-2444.0,-26640.0,-15136.0,-2301.0,2189.0,-571.0,-3232.0,14716.0,-20176.0,2732.0,1138.0,-2093.0
76.64852833747864,-2472.0,-22380.0,-13772.0,2308.0,769.0,741.0,-1904.0,12616.0,-18700.0,877.0,-2011.0,-1321.0
76.77103590965271,-2220.0,-21432.0,-14124.0,992.0,-762.0,575.0,356.0,12076.0,-17940.0,720.0,1081.0,-185.0
76.88791275024414,-864.0,-22632.0,-13900.0,208.0,-76.0,-704.0,-408.0,10328.0,-18888.0,1869.0,2383.0,-2077.0
76.95750856399536,-584.0,-23016.0,-13636.0,949.0,1036.0,-1913.0,-404.0,9956.0,-19012.0,1008.0,-950.0,-3544.0
77.12828254699707,-1180.0,-22512.0,-13676.0,65.0,-79.0,-2860.0,-2112.0,10244.0,-19400.0,-227.0,-219.0,-4109.0
77.19382834434509,-344.0,-22264.0,-13712.0,392.0,-502.0,-3181.0,-1448.0,9660.0,-18076.0,-179.0,-240.0,-3703.0
77.30921840667725,-848.0,-21564.0,-14036.0,-676.0,649.0,-2197.0,-264.0,10024.0,-18088.0,386.0,985.0,-2837.0
77.36748385429382,0.0,-22060.0,-14440.0,-848.0,1019.0,-1177.0,-1192.0,8956.0,-18716.0,31.0,-1619.0,-1623.0
77.48900985717773,728.0,-21636.0,-14096.0,-1266.0,-582.0,-1166.0,-1692.0,8268.0,-17772.0,-521.0,286.0,2.0
77.54741477966309,1256.0,-22196.0,-14424.0,-398.0,639.0,-801.0,-1284.0,8196.0,-17180.0,775.0,-619.0,692.0
77.67343735694885,920.0,-21748.0,-14604.0,484.0,532.0,-289.0,-380.0,8572.0,-17160.0,38.0,-2747.0,353.0
77.79325795173645,1048.0,-21628.0,-14016.0,-792.0,305.0,-132.0,-864.0,8784.0,-17352.0,-36.0,-1683.0,532.0
77.85020232200623,956.0,-21868.0,-14092.0,51.0,-254.0,114.0,-1516.0,8840.0,-17080.0,-363.0,-894.0,466.0
77.96887874603271,1068.0,-21992.0,-14152.0,-10.0,-300.0,6.0,-1308.0,9156.0,-16548.0,-335.0,-1838.0,851.0
78.09340381622314,1176.0,-21732.0,-14160.0,624.0,-511.0,71.0,-1264.0,8900.0,-16004.0,-231.0,-2199.0,857.0
78.20852899551392,1204.0,-21580.0,-14032.0,347.0,-567.0,118.0,-916.0,8824.0,-15856.0,-284.0,-599.0,383.0
78.26938962936401,1156.0,-21596.0,-13800.0,57.0,-25.0,-82.0,-788.0,9196.0,-15748.0,-65.0,-718.0,-136.0
78.38791966438293,1284.0,-21548.0,-13788.0,-121.0,26.0,-325.0,-1060.0,9040.0,-16036.0,86.0,-432.0,-278.0
78.4478394985199,1152.0,-21536.0,-14172.0,-45.0,125.0,-185.0,-1572.0,8848.0,-15544.0,115.0,396.0,-99.0
78.57567167282104,992.0,-21732.0,-13944.0,19.0,158.0,-92.0,-1332.0,9240.0,-15488.0,165.0,628.0,-269.0
78.74791026115417,1060.0,-21660.0,-13944.0,-23.0,63.0,5.0,-1036.0,9352.0,-15816.0,143.0,96.0,127.0
78.74809789657593,1084.0,-21300.0,-13972.0,-279.0,148.0,-32.0,-1216.0,9092.0,-15836.0,119.0,190.0,110.0
78.92837643623352,1016.0,-21648.0,-14000.0,-573.0,275.0,-131.0,-1240.0,9324.0,-15884.0,499.0,994.0,298.0
78.98821997642517,1460.0,-21764.0,-13740.0,-358.0,721.0,261.0,-1344.0,9316.0,-16368.0,580.0,-659.0,335.0
79.1105728149414,1364.0,-21604.0,-13900.0,-437.0,-110.0,153.0,-1324.0,8688.0,-16192.0,50.0,274.0,247.0
79.1707444190979,860.0,-21856.0,-14100.0,-382.0,117.0,-9.0,-1256.0,9200.0,-16132.0,-164.0,201.0,-110.0
79.28815007209778,1128.0,-21728.0,-14152.0,-448.0,190.0,-63.0,-1208.0,9236.0,-16184.0,109.0,314.0,-66.0
79.34841632843018,964.0,-21824.0,-14108.0,-303.0,99.0,-36.0,-1468.0,9284.0,-16128.0,144.0,5.0,-9.0
79.46918225288391,988.0,-21712.0,-14328.0,-259.0,284.0,8.0,-1416.0,9176.0,-16316.0,69.0,165.0,-196.0
79.64850378036499,860.0,-21812.0,-13996.0,-76.0,9.0,-80.0,-1408.0,9208.0,-16196.0,-3.0,367.0,-52.0
79.6497495174408,1152.0,-21824.0,-14368.0,-23.0,118.0,-41.0,-1324.0,9192.0,-16228.0,58.0,-1.0,93.0
79.82795405387878,1004.0,-21676.0,-14176.0,-189.0,-42.0,-84.0,-1360.0,9320.0,-16232.0,-21.0,281.0,-35.0
79.89307999610901,992.0,-21688.0,-13960.0,-23.0,-62.0,-9.0,-1424.0,9136.0,-16268.0,-31.0,8.0,10.0
80.00918912887573,1140.0,-21664.0,-14172.0,-113.0,-76.0,-24.0,-1412.0,9160.0,-16024.0,0.0,-64.0,-26.0
80.06823658943176,972.0,-21820.0,-14192.0,-177.0,111.0,-29.0,-1260.0,9152.0,-16072.0,139.0,153.0,-37.0
80.19571161270142,1048.0,-21660.0,-14124.0,-216.0,-29.0,-59.0,-1376.0,9252.0,-16396.0,170.0,320.0,108.0
80.24940633773804,1120.0,-21612.0,-14144.0,-178.0,144.0,-78.0,-1516.0,9132.0,-16220.0,300.0,25.0,76.0
80.37121343612671,1120.0,-21668.0,-14420.0,-242.0,-94.0,1.0,-1196.0,9400.0,-16104.0,44.0,62.0,32.0
80.54991841316223,916.0,-21752.0,-14268.0,-62.0,-41.0,-88.0,-1224.0,8916.0,-15940.0,-196.0,-146.0,-97.0
80.54992771148682,1136.0,-21964.0,-14092.0,-29.0,284.0,21.0,-1240.0,9352.0,-16360.0,460.0,494.0,117.0
80.7324481010437,792.0,-21740.0,-14484.0,-30.0,-396.0,93.0,-1204.0,9044.0,-16160.0,31.0,841.0,192.0
80.78783440589905,1224.0,-21684.0,-14204.0,167.0,-47.0,-8.0,-1360.0,8984.0,-16096.0,-2.0,314.0,11.0
80.9104642868042,960.0,-22008.0,-14256.0,-202.0,406.0,1.0,-1360.0,9280.0,-16200.0,105.0,164.0,-199.0
80.97061681747437,880.0,-21760.0,-14236.0,113.0,297.0,240.0,-1540.0,9196.0,-16160.0,49.0,-54.0,6.0
81.08903932571411,688.0,-21748.0,-14188.0,112.0,-141.0,155.0,-1588.0,9272.0,-16288.0,-304.0,146.0,76.0
81.14742875099182,896.0,-21692.0,-14164.0,95.0,13.0,119.0,-1440.0,9208.0,-16124.0,-69.0,-143.0,27.0
81.26792573928833,972.0,-21708.0,-14308.0,-162.0,45.0,-19.0,-1552.0,9056.0,-16156.0,493.0,301.0,192.0
81.38877439498901,884.0,-21852.0,-14296.0,-215.0,-32.0,-66.0,-1140.0,9512.0,-16272.0,-115.0,-321.0,-149.0
81.44841361045837,884.0,-21688.0,-13968.0,-177.0,338.0,-120.0,-780.0,9208.0,-15876.0,87.0,-359.0,-161.0
81.62780928611755,840.0,-21648.0,-14360.0,-142.0,278.0,-176.0,-1324.0,9400.0,-16172.0,629.0,272.0,107.0
81.69091773033142,952.0,-21696.0,-14272.0,300.0,-348.0,-274.0,-1476.0,8908.0,-16248.0,44.0,943.0,-129.0
81.80795001983643,692.0,-21728.0,-14224.0,-119.0,59.0,-118.0,-1504.0,9244.0,-16072.0,67.0,479.0,-43.0
81.86951494216919,960.0,-21848.0,-14040.0,109.0,-58.0,33.0,-1220.0,9224.0,-16048.0,50.0,682.0,113.0
81.98799586296082,832.0,-21772.0,-14460.0,27.0,3.0,-43.0,-1104.0,9236.0,-16080.0,6.0,203.0,18.0
82.04930400848389,1020.0,-21692.0,-14392.0,-406.0,136.0,-49.0,-1444.0,9140.0,-16268.0,194.0,199.0,-33.0
82.16872906684875,860.0,-21836.0,-14236.0,64.0,69.0,0.0,-1492.0,9180.0,-16084.0,209.0,104.0,89.0
82.34781575202942,884.0,-21788.0,-14152.0,-193.0,125.0,-52.0,-1340.0,9276.0,-16224.0,148.0,141.0,84.0
82.3486876487732,912.0,-21832.0,-14368.0,-106.0,-4.0,-27.0,-1212.0,9308.0,-16352.0,109.0,108.0,125.0
82.5279815196991,928.0,-21912.0,-14168.0,-59.0,32.0,-23.0,-1428.0,9420.0,-16256.0,38.0,-213.0,195.0
82.58865404129028,820.0,-21712.0,-14176.0,-41.0,14.0,-25.0,-1344.0,9276.0,-16144.0,56.0,-24.0,124.0
82.70807671546936,880.0,-21780.0,-14412.0,-107.0,112.0,34.0,-1164.0,9480.0,-16260.0,64.0,-132.0,14.0
82.76957058906555,920.0,-21812.0,-14100.0,-287.0,0.0,-59.0,-1188.0,9392.0,-16176.0,18.0,-39.0,33.0
82.8934178352356,880.0,-21632.0,-14284.0,-52.0,-41.0,-94.0,-1320.0,9448.0,-16140.0,-24.0,1.0,20.0
82.94907140731812,948.0,-21708.0,-14468.0,-100.0,-40.0,-51.0,-1280.0,9344.0,-16128.0,37.0,188.0,-105.0
83.06887221336365,964.0,-21732.0,-14224.0,-215.0,80.0,-20.0,-1116.0,9380.0,-16140.0,62.0,126.0,-17.0
83.31371831893921,892.0,-21808.0,-14220.0,-264.0,171.0,-20.0,-1152.0,9812.0,-16532.0,-443.0,-367.0,-219.0
83.42906498908997,1184.0,-21828.0,-13700.0,172.0,-8.0,-155.0,-1492.0,9056.0,-16292.0,257.0,734.0,-10.0
83.42922329902649,596.0,-21836.0,-14372.0,-229.0,270.0,-12.0,-1272.0,9568.0,-16224.0,582.0,101.0,25.0
83.48775482177734,1052.0,-21800.0,-14112.0,-401.0,357.0,-91.0,-1476.0,9468.0,-16216.0,82.0,136.0,14.0
83.60973262786865,908.0,-21752.0,-14152.0,-12.0,158.0,26.0,-1308.0,9320.0,-16092.0,-27.0,-159.0,-29.0
83.66785788536072,1020.0,-21672.0,-14480.0,-570.0,201.0,-129.0,-1300.0,9212.0,-16236.0,205.0,268.0,-31.0
83.78999781608582,932.0,-21812.0,-14176.0,-18.0,178.0,-83.0,-1276.0,9324.0,-16204.0,136.0,-119.0,3.0
83.85360145568848,952.0,-21700.0,-14280.0,-285.0,96.0,-88.0,-1320.0,9344.0,-16276.0,19.0,254.0,-36.0
83.97023582458496,1104.0,-21780.0,-14424.0,-375.0,281.0,-102.0,-1468.0,9336.0,-16132.0,268.0,144.0,17.0
84.14819931983948,996.0,-21788.0,-14344.0,20.0,181.0,-52.0,-1240.0,9284.0,-16288.0,126.0,-146.0,-40.0
84.1482081413269,988.0,-21704.0,-14276.0,-303.0,202.0,-65.0,-1152.0,9300.0,-16312.0,262.0,217.0,114.0
84.33254814147949,900.0,-21776.0,-14340.0,-216.0,1.0,40.0,-1196.0,9352.0,-16344.0,242.0,201.0,116.0
84.38795518875122,920.0,-21768.0,-14392.0,-477.0,51.0,-68.0,-1292.0,9252.0,-16304.0,167.0,302.0,-37.0
84.50973844528198,952.0,-21876.0,-14412.0,-244.0,265.0,-51.0,-1340.0,9448.0,-16328.0,303.0,168.0,-11.0
84.5677752494812,1044.0,-21636.0,-14504.0,-269.0,170.0,-97.0,-1436.0,9436.0,-16512.0,239.0,64.0,62.0
84.6886351108551,988.0,-21704.0,-14776.0,-238.0,67.0,-89.0,-1316.0,9404.0,-16420.0,103.0,29.0,-11.0
84.74923181533813,940.0,-21692.0,-14576.0,-196.0,40.0,-48.0,-1428.0,9340.0,-16480.0,-9.0,172.0,9.0
84.86912083625793,1088.0,-21724.0,-14596.0,-70.0,-62.0,-69.0,-1328.0,9180.0,-16488.0,55.0,67.0,15.0
85.04770088195801,864.0,-21732.0,-14580.0,-74.0,54.0,-24.0,-1328.0,9348.0,-16544.0,18.0,263.0,-72.0
85.04822063446045,1016.0,-21804.0,-14388.0,-112.0,81.0,-2.0,-1524.0,9508.0,-16436.0,-17.0,-23.0,-35.0
85.228755235672,940.0,-21896.0,-14368.0,94.0,21.0,22.0,-1244.0,9392.0,-16324.0,-102.0,168.0,-206.0
85.28898000717163,1048.0,-21860.0,-14532.0,1.0,-6.0,-38.0,-1384.0,9380.0,-16428.0,23.0,84.0,33.0
85.40801763534546,948.0,-21796.0,-14356.0,137.0,70.0,104.0,-1368.0,9532.0,-16424.0,-112.0,-95.0,4.0
85.4688229560852,1228.0,-21672.0,-14404.0,54.0,-14.0,96.0,-1472.0,9320.0,-16528.0,-129.0,-62.0,-124.0
85.64871191978455,732.0,-21788.0,-14276.0,171.0,-104.0,60.0,-1328.0,9376.0,-16160.0,-140.0,73.0,30.0
85.64872074127197,828.0,-21780.0,-14264.0,192.0,194.0,162.0,-1136.0,9400.0,-16352.0,-130.0,-391.0,93.0
85.76834201812744,836.0,-21708.0,-14236.0,95.0,35.0,62.0,-1136.0,9468.0,-16316.0,-128.0,-249.0,53.0
85.94802451133728,904.0,-21728.0,-14284.0,-42.0,-60.0,8.0,-1280.0,9432.0,-16292.0,-125.0,-48.0,26.0
85.94814229011536,968.0,-21700.0,-14168.0,-17.0,102.0,-17.0,-1232.0,9392.0,-16244.0,-83.0,-167.0,80.0
86.12938117980957,976.0,-21628.0,-14256.0,-99.0,36.0,-62.0,-1136.0,9332.0,-16268.0,-57.0,27.0,-11.0
86.18817019462585,904.0,-21616.0,-14416.0,-33.0,-144.0,-133.0,-1484.0,9300.0,-16272.0,-113.0,552.0,-125.0
86.30801677703857,932.0,-21812.0,-14408.0,-283.0,-19.0,-122.0,-1440.0,9544.0,-16144.0,18.0,402.0,54.0
86.367671251297,1140.0,-21720.0,-14400.0,-110.0,94.0,-14.0,-1416.0,9200.0,-16252.0,68.0,-107.0,82.0
86.48811554908752,832.0,-21796.0,-14072.0,-385.0,175.0,-37.0,-1176.0,9452.0,-16292.0,53.0,-9.0,6.0
86.54811358451843,880.0,-21688.0,-14344.0,-172.0,172.0,-50.0,-1028.0,9456.0,-16256.0,100.0,148.0,-62.0
86.66871190071106,856.0,-21876.0,-14312.0,-187.0,94.0,-48.0,-1208.0,9588.0,-16276.0,97.0,228.0,-14.0
86.84890341758728,808.0,-21720.0,-14372.0,-72.0,111.0,-1.0,-1200.0,9520.0,-16368.0,19.0,309.0,-20.0
86.84891057014465,852.0,-21716.0,-14260.0,-178.0,118.0,-59.0,-1268.0,9536.0,-16344.0,16.0,40.0,-31.0
87.02902173995972,892.0,-21868.0,-14192.0,-309.0,169.0,-95.0,-1156.0,9312.0,-16312.0,96.0,-158.0,-25.0
87.20751786231995,980.0,-21836.0,-14348.0,-234.0,92.0,-106.0,-1380.0,9364.0,-16408.0,33.0,-18.0,-30.0
87.20767426490784,1020.0,-21764.0,-14244.0,-132.0,142.0,-13.0,-1380.0,9544.0,-16340.0,-7.0,31.0,-10.0
87.26843070983887,1036.0,-21800.0,-14168.0,-253.0,193.0,-27.0,-1292.0,9432.0,-16180.0,38.0,-187.0,0.0
87.39047527313232,992.0,-21844.0,-14452.0,-29.0,156.0,-26.0,-1260.0,9408.0,-16172.0,127.0,-194.0,-34.0
87.44766545295715,668.0,-21704.0,-14376.0,-2.0,97.0,46.0,-1260.0,9420.0,-16388.0,81.0,39.0,31.0
87.56781673431396,812.0,-21700.0,-14336.0,79.0,73.0,-34.0,-1076.0,9504.0,-16348.0,-56.0,89.0,-50.0
87.74784755706787,884.0,-21796.0,-14348.0,-247.0,6.0,-37.0,-1272.0,9548.0,-16304.0,-102.0,248.0,-28.0
87.74802565574646,936.0,-21612.0,-14320.0,-53.0,60.0,-40.0,-1356.0,9312.0,-16160.0,-5.0,-59.0,0.0
87.9282078742981,948.0,-21724.0,-14308.0,-212.0,391.0,-92.0,-1176.0,9408.0,-16280.0,168.0,-107.0,-104.0
87.98898816108704,888.0,-21844.0,-14288.0,-156.0,201.0,-47.0,-1356.0,9408.0,-16224.0,43.0,42.0,-98.0
88.10796165466309,848.0,-21824.0,-14152.0,118.0,118.0,-25.0,-1220.0,9420.0,-16076.0,-49.0,-706.0,31.0
88.16860461235046,1032.0,-21732.0,-14120.0,-3.0,218.0,-179.0,-1316.0,9168.0,-15776.0,-49.0,-1085.0,10.0
88.28767251968384,1288.0,-21860.0,-13972.0,-211.0,556.0,-342.0,-1628.0,9136.0,-15712.0,247.0,-710.0,-63.0
88.34979224205017,1108.0,-21920.0,-13968.0,969.0,558.0,-387.0,-1392.0,9304.0,-15540.0,-451.0,-2204.0,-122.0
88.46769046783447,1592.0,-21532.0,-13348.0,891.0,963.0,-524.0,-2528.0,8900.0,-14944.0,-212.0,-4879.0,439.0
88.6475670337677,968.0,-21428.0,-13368.0,1842.0,1235.0,83.0,-2756.0,9428.0,-13640.0,-347.0,-9510.0,1682.0
88.64843845367432,-164.0,-21588.0,-13432.0,2580.0,-1055.0,896.0,2936.0,10748.0,-11348.0,-2240.0,-6037.0,-536.0
88.8925576210022,560.0,-22476.0,-12556.0,1324.0,-3251.0,2749.0,-1320.0,10212.0,-9508.0,-4634.0,-12214.0,-297.0
88.89256453514099,136.0,-22308.0,-11356.0,5350.0,-1972.0,2832.0,1420.0,8564.0,-4304.0,-3073.0,-6035.0,57.0
88.94941687583923,-376.0,-22868.0,-11616.0,4057.0,-939.0,3339.0,2832.0,8484.0,-3916.0,-444.0,-11881.0,267.0
89.06854057312012,-252.0,-21916.0,-10260.0,7226.0,1127.0,2525.0,8264.0,7528.0,-4552.0,876.0,-4660.0,-3714.0
89.19449162483215,-2896.0,-20948.0,-9140.0,804.0,5542.0,2057.0,4888.0,8716.0,-3568.0,-844.0,-8002.0,-8309.0
89.25001764297485,-2792.0,-21240.0,-6944.0,11405.0,2325.0,4963.0,7484.0,6268.0,-1024.0,-1531.0,-11478.0,-11403.0
89.36803531646729,-4552.0,-19896.0,-7504.0,6978.0,542.0,3358.0,10260.0,3784.0,-528.0,-1857.0,-8477.0,-10100.0
89.48785018920898,-6008.0,-19236.0,-6588.0,3927.0,2464.0,4130.0,12448.0,5704.0,-3140.0,-370.0,-6993.0,-5601.0
89.54783630371094,-2916.0,-16940.0,-6616.0,1816.0,-3152.0,2726.0,10384.0,1408.0,-3844.0,-3223.0,11120.0,-7746.0
89.66843891143799,-3740.0,-18168.0,-6388.0,-3308.0,5419.0,2025.0,7284.0,1688.0,-4264.0,321.0,6352.0,-4003.0
89.78804516792297,-3880.0,-19096.0,-2516.0,1585.0,-8445.0,6231.0,9212.0,2828.0,-3048.0,-1560.0,10175.0,-6310.0
89.84855937957764,-10380.0,-18896.0,-5372.0,-2042.0,6213.0,4758.0,12480.0,2316.0,-3140.0,-1066.0,4135.0,-6893.0
89.96769976615906,-6072.0,-17484.0,-5564.0,-6.0,-2752.0,4285.0,8756.0,60.0,-4888.0,-3365.0,-8959.0,-1987.0
90.08888959884644,-1256.0,-16596.0,-4188.0,1345.0,-12048.0,930.0,14440.0,-876.0,-4432.0,13.0,-13719.0,5276.0
90.14772939682007,-6408.0,-17716.0,-4404.0,-3959.0,8486.0,-4850.0,15604.0,548.0,-2852.0,4278.0,1976.0,6660.0
90.27075099945068,-7372.0,-19308.0,-5384.0,-1574.0,-469.0,-5708.0,11392.0,2360.0,-2984.0,2638.0,-186.0,6295.0
90.39027523994446,-5112.0,-19056.0,-5264.0,-1218.0,-3928.0,-5213.0,11888.0,3268.0,-3928.0,1400.0,-3115.0,4870.0
90.50821375846863,-4724.0,-20192.0,-5568.0,-3415.0,-1629.0,-5475.0,15636.0,1768.0,872.0,640.0,-10931.0,2364.0
90.56877446174622,-2508.0,-19684.0,-4968.0,-1793.0,1178.0,-6771.0,13868.0,3204.0,-1068.0,-133.0,-786.0,992.0
90.68796300888062,-2352.0,-19260.0,-6912.0,-246.0,-2688.0,-7492.0,11952.0,3288.0,-3068.0,-3155.0,5665.0,724.0
90.74863576889038,-160.0,-19516.0,-6420.0,-3554.0,-1436.0,-8249.0,9812.0,2640.0,-2624.0,-3124.0,7650.0,551.0
90.86809873580933,1632.0,-19156.0,-7848.0,-2818.0,-2948.0,-7768.0,8412.0,1184.0,-2300.0,-5008.0,7031.0,-1241.0
90.99027919769287,488.0,-19252.0,-7560.0,-2174.0,-736.0,-4590.0,7528.0,3504.0,-3572.0,-4713.0,3079.0,-2550.0
91.04903984069824,1832.0,-17940.0,-7836.0,-254.0,-2747.0,-2359.0,10344.0,1468.0,-6016.0,-4244.0,4863.0,-2007.0
91.16827654838562,5196.0,-20012.0,-6932.0,-527.0,1307.0,-2051.0,13728.0,-2304.0,-2676.0,-2413.0,-836.0,-2186.0
91.34932613372803,8116.0,-17928.0,-7296.0,-595.0,2174.0,-8291.0,9312.0,-4740.0,-3776.0,203.0,1102.0,866.0
91.35253047943115,5832.0,-16724.0,-7996.0,1272.0,4550.0,-14039.0,5952.0,-584.0,-8108.0,1673.0,7561.0,3870.0
91.4678943157196,1520.0,-14064.0,-9588.0,-575.0,-3962.0,-5895.0,13392.0,6208.0,-10044.0,-4724.0,-5010.0,-1298.0
91.58823680877686,4140.0,-14304.0,-9700.0,-7131.0,-37.0,3172.0,10448.0,2800.0,-3304.0,336.0,-6914.0,-2458.0
91.64928412437439,6524.0,-16664.0,-8840.0,-3911.0,3288.0,3588.0,9164.0,-2200.0,-5772.0,5451.0,-2951.0,-1149.0
91.7680652141571,4796.0,-18708.0,-6544.0,-6316.0,1291.0,1603.0,11616.0,1348.0,-3868.0,2542.0,-1711.0,-270.0
91.88986110687256,6836.0,-18236.0,-9964.0,2357.0,-4045.0,1416.0,12292.0,2036.0,-4872.0,345.0,-4647.0,75.0
91.94848394393921,7192.0,-15188.0,-11572.0,-4722.0,-1332.0,670.0,14708.0,-1412.0,-4940.0,-1267.0,-5658.0,-2355.0
92.06827998161316,5804.0,-17948.0,-12232.0,-6232.0,-2018.0,5126.0,15184.0,-2012.0,-5188.0,2136.0,-2899.0,-3818.0
92.18798995018005,2492.0,-19308.0,-7440.0,-4879.0,-1027.0,-705.0,18580.0,3668.0,-8236.0,-3707.0,5600.0,-3456.0
92.2478437423706,5092.0,-18012.0,-13036.0,-1130.0,4237.0,199.0,2240.0,236.0,-5084.0,-38.0,10391.0,-743.0
92.43070149421692,5280.0,-18408.0,-12532.0,5137.0,-574.0,-591.0,12440.0,-720.0,-5952.0,-4238.0,2816.0,-1013.0
92.4877359867096,7748.0,-19692.0,-11512.0,1269.0,548.0,-1951.0,9316.0,-2888.0,-9460.0,-6168.0,2789.0,77.0
92.54797697067261,7028.0,-16956.0,-12464.0,4182.0,-9012.0,-6554.0,7532.0,-4784.0,-12064.0,-11127.0,-7772.0,2688.0
92.66799354553223,7132.0,-16564.0,-12920.0,-5055.0,-9130.0,-7639.0,9656.0,-2020.0,-12080.0,-12107.0,-2680.0,4646.0
92.79188919067383,13748.0,-15820.0,-11652.0,-6646.0,-1008.0,-3991.0,17140.0,-4900.0,2712.0,3102.0,307.0,-1066.0
92.84748911857605,6936.0,-17556.0,-13368.0,2482.0,-1029.0,-30.0,9940.0,-3360.0,-12228.0,431.0,-2545.0,679.0
92.96846032142639,8936.0,-14012.0,-14596.0,4985.0,826.0,-546.0,12724.0,-2356.0,-10648.0,2420.0,-421.0,-809.0
93.14858984947205,8172.0,-14432.0,-12840.0,154.0,369.0,-461.0,8448.0,-2372.0,-11196.0,1139.0,844.0,-438.0
93.20862579345703,8264.0,-14116.0,-13532.0,6749.0,-1684.0,3290.0,7084.0,-2096.0,-10320.0,2725.0,-3514.0,2531.0
93.32824087142944,11200.0,-13696.0,-14168.0,681.0,-763.0,3672.0,9216.0,-4944.0,-9456.0,1701.0,-8458.0,1100.0
93.38743448257446,10308.0,-17940.0,-9240.0,-1397.0,-4567.0,385.0,5744.0,-4992.0,-15336.0,-1371.0,7651.0,4815.0
93.50891256332397,11812.0,-14956.0,-13372.0,-1413.0,-2498.0,-2230.0,9508.0,-7116.0,-9524.0,-3642.0,33.0,-1758.0
93.57110333442688,8504.0,-17332.0,-12864.0,-4865.0,1739.0,-2312.0,8620.0,-1596.0,-9896.0,-2041.0,1518.0,-2267.0
93.68821048736572,9176.0,-16104.0,-14600.0,2215.0,4274.0,-1491.0,10792.0,-1472.0,-9108.0,4958.0,8158.0,-1043.0
93.7490496635437,7140.0,-17076.0,-10848.0,-2860.0,9805.0,1116.0,8304.0,-1980.0,-8928.0,9004.0,6495.0,-4490.0
93.86818170547485,5340.0,-17076.0,-11208.0,1070.0,7090.0,3666.0,9368.0,204.0,-8900.0,7712.0,3505.0,-3857.0
93.98854351043701,11220.0,-17648.0,-9232.0,-2303.0,-3128.0,2305.0,1604.0,-6308.0,-11116.0,-394.0,1633.0,2134.0
94.04745745658875,7564.0,-16472.0,-13464.0,3286.0,-3702.0,254.0,12456.0,-2720.0,-7348.0,-2039.0,-2974.0,549.0
94.167804479599,6656.0,-17868.0,-11476.0,-6370.0,2528.0,-560.0,8512.0,-760.0,-7588.0,813.0,6962.0,178.0
94.28942084312439,7640.0,-17760.0,-12060.0,2966.0,-2312.0,248.0,7080.0,-2056.0,-8392.0,-682.0,-1777.0,839.0
94.41205763816833,7604.0,-16984.0,-12440.0,-1664.0,159.0,-44.0,8780.0,-1804.0,-8404.0,219.0,1174.0,556.0
94.46742463111877,7156.0,-17584.0,-12772.0,-767.0,-228.0,377.0,7368.0,-1304.0,-8460.0,198.0,669.0,650.0
94.59320259094238,7180.0,-17448.0,-11928.0,-1035.0,-1003.0,547.0,7416.0,-1156.0,-8588.0,-450.0,440.0,1335.0
94.64956951141357,7624.0,-18112.0,-12448.0,2398.0,-2668.0,818.0,7440.0,-1700.0,-8280.0,-2109.0,-459.0,1807.0
94.82749032974243,6848.0,-17516.0,-13568.0,1516.0,-1273.0,510.0,7024.0,-1640.0,-9432.0,-1523.0,-67.0,1063.0
94.88736581802368,7168.0,-17692.0,-13540.0,-590.0,-72.0,79.0,6916.0,-1460.0,-9356.0,152.0,483.0,495.0
94.94947147369385,7104.0,-17860.0,-12876.0,-694.0,398.0,247.0,6956.0,-1460.0,-8928.0,718.0,531.0,419.0
95.06788277626038,7092.0,-17944.0,-12988.0,-409.0,377.0,300.0,6892.0,-1340.0,-8928.0,569.0,232.0,336.0
95.18788743019104,7156.0,-17996.0,-12960.0,-317.0,224.0,200.0,6996.0,-1332.0,-8736.0,353.0,53.0,275.0
95.36750483512878,6912.0,-18020.0,-13016.0,-33.0,220.0,123.0,6796.0,-1132.0,-8964.0,287.0,49.0,92.0
95.36771512031555,7028.0,-18084.0,-12916.0,-5.0,235.0,175.0,6812.0,-1104.0,-8904.0,221.0,138.0,75.0
95.48918390274048,6968.0,-17984.0,-13040.0,198.0,42.0,155.0,6728.0,-1176.0,-8756.0,159.0,-81.0,115.0
95.54758381843567,6820.0,-17972.0,-12876.0,-348.0,318.0,182.0,6748.0,-1172.0,-8736.0,316.0,218.0,37.0
95.66976165771484,6812.0,-18200.0,-12768.0,-113.0,263.0,103.0,6684.0,-1032.0,-8684.0,249.0,97.0,49.0
95.79533791542053,6788.0,-18016.0,-12884.0,35.0,213.0,120.0,6708.0,-1000.0,-8692.0,249.0,86.0,-7.0
95.84962749481201,6860.0,-18140.0,-12784.0,-280.0,253.0,90.0,6728.0,-1016.0,-8524.0,298.0,89.0,-3.0
96.02786564826965,6744.0,-18132.0,-12816.0,-146.0,185.0,97.0,6628.0,-964.0,-8608.0,230.0,64.0,24.0
96.08872032165527,6748.0,-18288.0,-12856.0,-100.0,141.0,88.0,6652.0,-1048.0,-8648.0,135.0,71.0,3.0
96.14856243133545,6668.0,-18108.0,-12724.0,-165.0,205.0,-11.0,6668.0,-916.0,-8592.0,153.0,26.0,-49.0
96.26861810684204,6676.0,-18312.0,-12732.0,-141.0,148.0,-29.0,6580.0,-840.0,-8544.0,62.0,27.0,-94.0
96.3879542350769,6676.0,-18152.0,-12796.0,65.0,66.0,20.0,6788.0,-880.0,-8620.0,12.0,-65.0,-46.0
96.44709801673889,6576.0,-18228.0,-12848.0,-131.0,179.0,-14.0,6808.0,-1004.0,-8692.0,58.0,90.0,-103.0
96.56734895706177,6704.0,-18168.0,-12680.0,-25.0,98.0,-60.0,6736.0,-1092.0,-8436.0,6.0,-57.0,-71.0
96.6936891078949,6628.0,-18020.0,-12720.0,-80.0,74.0,-64.0,6900.0,-932.0,-8460.0,-51.0,-46.0,-57.0
96.74770212173462,6700.0,-18128.0,-12600.0,37.0,77.0,-7.0,6696.0,-960.0,-8636.0,15.0,-7.0,-51.0
96.86877846717834,6640.0,-18148.0,-12600.0,-181.0,154.0,-12.0,6756.0,-988.0,-8512.0,82.0,45.0,-57.0
96.99242949485779,6684.0,-18016.0,-12808.0,-439.0,571.0,41.0,6912.0,-916.0,-8668.0,427.0,217.0,-115.0
97.0481493473053,6692.0,-18328.0,-12596.0,-489.0,408.0,13.0,6768.0,-944.0,-8500.0,338.0,243.0,-102.0
97.16952538490295,6520.0,-18336.0,-12624.0,-136.0,15.0,-15.0,6920.0,-928.0,-8508.0,19.0,25.0,-15.0
97.28940892219543,6620.0,-18272.0,-12664.0,-74.0,72.0,13.0,6840.0,-920.0,-8492.0,-61.0,-51.0,-28.0
97.34795832633972,6636.0,-18252.0,-12616.0,-194.0,119.0,7.0,6812.0,-1024.0,-8612.0,69.0,36.0,-9.0
97.46819519996643,6644.0,-18300.0,-12648.0,-288.0,158.0,19.0,6712.0,-968.0,-8548.0,118.0,107.0,10.0
97.58765316009521,6664.0,-18264.0,-12660.0,-90.0,-15.0,-9.0,6776.0,-1004.0,-8344.0,38.0,7.0,17.0
97.6501111984253,6640.0,-18296.0,-12608.0,-183.0,50.0,-4.0,6852.0,-908.0,-8488.0,108.0,89.0,29.0
97.8886148929596,6572.0,-18196.0,-12768.0,-118.0,117.0,54.0,6852.0,-992.0,-8468.0,79.0,20.0,10.0
97.88862323760986,6720.0,-18196.0,-12584.0,-162.0,16.0,17.0,6828.0,-840.0,-8324.0,43.0,45.0,40.0
97.94967222213745,6480.0,-18200.0,-12724.0,-170.0,147.0,33.0,6712.0,-860.0,-8432.0,139.0,84.0,3.0
98.06756830215454,6520.0,-18404.0,-12764.0,-151.0,241.0,37.0,6740.0,-912.0,-8384.0,144.0,98.0,-40.0
98.18751287460327,6588.0,-18280.0,-12648.0,-77.0,45.0,-37.0,6816.0,-868.0,-8440.0,42.0,56.0,-14.0
98.24737286567688,6548.0,-18256.0,-12664.0,-217.0,142.0,-17.0,6640.0,-880.0,-8364.0,120.0,58.0,-36.0
98.36880254745483,6544.0,-18240.0,-12792.0,-137.0,117.0,15.0,6800.0,-800.0,-8364.0,150.0,-6.0,-14.0
98.48895335197449,6560.0,-18380.0,-12724.0,-202.0,100.0,-17.0,6808.0,-836.0,-8448.0,137.0,21.0,11.0
98.54763841629028,6592.0,-18176.0,-12544.0,-127.0,163.0,83.0,6716.0,-912.0,-8420.0,166.0,35.0,21.0
98.68089151382446,6572.0,-18340.0,-12616.0,-204.0,141.0,68.0,6812.0,-816.0,-8220.0,121.0,64.0,26.0
98.78738284111023,6432.0,-18224.0,-12712.0,-127.0,189.0,97.0,6576.0,-796.0,-8292.0,170.0,50.0,24.0
98.85207009315491,6472.0,-18380.0,-12604.0,-143.0,163.0,48.0,6788.0,-844.0,-8340.0,138.0,113.0,-2.0
98.96761846542358,6480.0,-18408.0,-12632.0,-130.0,153.0,15.0,6776.0,-744.0,-8300.0,126.0,63.0,-2.0
99.08865761756897,6488.0,-18352.0,-12520.0,-96.0,136.0,27.0,6832.0,-708.0,-8464.0,135.0,43.0,-22.0
99.14752864837646,6364.0,-18412.0,-12540.0,-44.0,54.0,-28.0,6560.0,-656.0,-8276.0,30.0,94.0,10.0
99.26751828193665,6384.0,-18348.0,-12468.0,-8.0,98.0,51.0,6656.0,-780.0,-8340.0,58.0,71.0,5.0
99.38775992393494,6504.0,-18436.0,-12724.0,-129.0,119.0,24.0,6752.0,-800.0,-8216.0,104.0,73.0,-8.0
99.44757890701294,6400.0,-18384.0,-12604.0,-45.0,170.0,21.0,6616.0,-672.0,-8272.0,174.0,84.0,-32.0
99.56766510009766,6376.0,-18332.0,-12492.0,-307.0,139.0,-36.0,6772.0,-776.0,-8300.0,194.0,107.0,59.0
99.68808054924011,6336.0,-18500.0,-12468.0,-255.0,92.0,-27.0,6668.0,-640.0,-8072.0,111.0,168.0,-16.0
99.74808096885681,6356.0,-18356.0,-12328.0,-83.0,67.0,-4.0,6660.0,-668.0,-8372.0,14.0,69.0,-2.0
99.87004804611206,6436.0,-18288.0,-12680.0,-128.0,-1.0,-12.0,6672.0,-716.0,-8272.0,-18.0,59.0,63.0
99.98805570602417,6404.0,-18500.0,-12740.0,-187.0,53.0,-42.0,6696.0,-704.0,-8036.0,43.0,71.0,31.0
100.0542984008789,6420.0,-18444.0,-12580.0,-142.0,38.0,-46.0,6720.0,-680.0,-8336.0,17.0,50.0,32.0
100.1684205532074,6448.0,-18396.0,-12704.0,-239.0,120.0,-40.0,6664.0,-608.0,-8196.0,120.0,93.0,-14.0
100.28824162483215,6372.0,-18344.0,-12692.0,-90.0,31.0,-5.0,6680.0,-604.0,-8208.0,68.0,23.0,13.0
100.34982705116272,6380.0,-18420.0,-12624.0,-103.0,126.0,-11.0,6656.0,-812.0,-8208.0,57.0,59.0,-46.0
100.52835297584534,6504.0,-18432.0,-12704.0,-93.0,6.0,-6.0,6736.0,-728.0,-8136.0,14.0,9.0,-31.0
100.58756470680237,6272.0,-18432.0,-12660.0,-98.0,57.0,-14.0,6592.0,-664.0,-8112.0,23.0,48.0,-11.0
100.70854878425598,6392.0,-18424.0,-12588.0,-135.0,143.0,2.0,6676.0,-664.0,-8384.0,100.0,63.0,-31.0
100.76745843887329,6320.0,-18292.0,-12536.0,-43.0,-5.0,26.0,6732.0,-672.0,-8212.0,-62.0,-480.0,-33.0
100.88745546340942,6416.0,-18596.0,-12040.0,328.0,-983.0,-13.0,7032.0,-720.0,-8036.0,-1030.0,-752.0,372.0
100.94857954978943,6408.0,-18128.0,-12660.0,1040.0,-798.0,85.0,6552.0,-664.0,-8468.0,-699.0,-747.0,275.0
101.06751799583435,6568.0,-18232.0,-12948.0,-740.0,442.0,-60.0,6564.0,-748.0,-8448.0,428.0,632.0,-67.0
101.24828577041626,6300.0,-18432.0,-12460.0,-527.0,492.0,106.0,6620.0,-740.0,-8088.0,592.0,435.0,-16.0
101.24829649925232,6452.0,-18472.0,-12608.0,-395.0,397.0,114.0,6812.0,-700.0,-8308.0,353.0,149.0,-9.0
101.42763257026672,6284.0,-18444.0,-12720.0,-351.0,604.0,77.0,6624.0,-676.0,-8072.0,478.0,25.0,-139.0
101.48772597312927,6544.0,-18212.0,-13020.0,435.0,2779.0,397.0,5944.0,-1320.0,-7548.0,2271.0,-1504.0,-316.0
101.54844951629639,5656.0,-18292.0,-12080.0,-612.0,2959.0,227.0,7148.0,176.0,-7092.0,4498.0,-282.0,74.0
101.7295663356781,5568.0,-19104.0,-11708.0,-2214.0,3323.0,1445.0,8192.0,588.0,-5368.0,4614.0,163.0,-748.0
101.78760862350464,5480.0,-19644.0,-10868.0,129.0,1680.0,2116.0,7052.0,888.0,-5632.0,3281.0,335.0,-683.0
101.85005283355713,5344.0,-19024.0,-11372.0,1935.0,522.0,1376.0,6720.0,588.0,-6336.0,1452.0,-677.0,-485.0
101.96734166145325,4992.0,-18984.0,-11848.0,103.0,36.0,773.0,7068.0,664.0,-6128.0,196.0,-133.0,36.0
102.14754867553711,4336.0,-19404.0,-11084.0,-616.0,990.0,665.0,7248.0,1664.0,-5264.0,643.0,673.0,-265.0
102.1477370262146,4372.0,-19620.0,-10968.0,226.0,109.0,782.0,7416.0,1764.0,-5792.0,204.0,-210.0,5.0
102.26761364936829,4636.0,-19296.0,-11332.0,-718.0,493.0,500.0,7356.0,1152.0,-5420.0,372.0,678.0,-213.0
102.3971176147461,4328.0,-19500.0,-11040.0,-425.0,690.0,322.0,7728.0,1472.0,-5256.0,549.0,456.0,-677.0
102.50865077972412,4252.0,-19380.0,-11200.0,-838.0,661.0,287.0,7244.0,1392.0,-5548.0,865.0,855.0,-657.0
102.56785917282104,3960.0,-19672.0,-11084.0,-1194.0,1090.0,-36.0,7376.0,1584.0,-5412.0,766.0,1140.0,-754.0
102.68751358985901,4184.0,-19684.0,-11176.0,-880.0,729.0,-157.0,7020.0,1440.0,-5360.0,676.0,896.0,-672.0
102.74980235099792,3948.0,-19832.0,-11248.0,-1031.0,932.0,-207.0,7152.0,1500.0,-5364.0,675.0,928.0,-688.0
102.86898422241211,3916.0,-19876.0,-11348.0,-1095.0,979.0,-257.0,6984.0,1712.0,-5572.0,709.0,959.0,-633.0
103.04943823814392,4120.0,-20020.0,-11392.0,-995.0,853.0,-207.0,7056.0,1456.0,-5408.0,658.0,869.0,-678.0
103.0494453907013,3836.0,-19976.0,-11664.0,-1121.0,1157.0,-184.0,6880.0,1604.0,-5492.0,790.0,992.0,-598.0
103.17014598846436,3956.0,-19956.0,-11492.0,-1110.0,1057.0,-130.0,6964.0,1632.0,-5584.0,904.0,865.0,-556.0
103.28741145133972,3924.0,-19956.0,-11568.0,-1280.0,1024.0,-202.0,6880.0,1760.0,-5480.0,719.0,1097.0,-543.0
103.41378331184387,4036.0,-19972.0,-11652.0,-1154.0,956.0,-139.0,6612.0,1680.0,-5432.0,1067.0,635.0,-434.0
103.46779561042786,4176.0,-20296.0,-11484.0,-280.0,624.0,299.0,7332.0,1680.0,-5040.0,-297.0,-4879.0,-354.0
103.58963012695312,3672.0,-19412.0,-11852.0,-1084.0,1332.0,-253.0,7232.0,2088.0,-5352.0,254.0,433.0,-344.0
103.64800310134888,3800.0,-19960.0,-12184.0,-1371.0,879.0,-494.0,6804.0,1812.0,-5220.0,728.0,1851.0,-464.0
103.76731181144714,3944.0,-20136.0,-12132.0,-1808.0,1450.0,-302.0,6920.0,1576.0,-5160.0,1006.0,1892.0,-498.0
103.88764452934265,3628.0,-20376.0,-12080.0,-1470.0,1137.0,-397.0,6536.0,2076.0,-5204.0,666.0,1377.0,-568.0
103.94790363311768,3780.0,-20248.0,-12420.0,-1380.0,994.0,-384.0,6684.0,2172.0,-5400.0,565.0,1164.0,-618.0
104.06768274307251,3864.0,-20380.0,-12376.0,-1099.0,859.0,-440.0,6564.0,1916.0,-5496.0,392.0,1338.0,-667.0
104.18843245506287,3832.0,-20364.0,-12452.0,-548.0,832.0,-382.0,6304.0,2052.0,-5524.0,293.0,754.0,-643.0
104.3074471950531,3932.0,-20164.0,-12776.0,-589.0,790.0,-341.0,6212.0,2204.0,-5568.0,278.0,738.0,-540.0
104.36921763420105,3956.0,-19880.0,-12448.0,-208.0,440.0,-279.0,6552.0,1844.0,-5992.0,499.0,298.0,-343.0
104.48734378814697,4028.0,-20224.0,-12156.0,-779.0,722.0,-581.0,6568.0,2200.0,-5408.0,456.0,632.0,-337.0
104.54869723320007,4060.0,-20052.0,-12232.0,-138.0,527.0,-245.0,6380.0,2168.0,-5656.0,315.0,95.0,-241.0
104.66743159294128,4168.0,-20076.0,-12324.0,-235.0,324.0,-159.0,6456.0,2180.0,-5716.0,168.0,128.0,-179.0
104.78852319717407,3968.0,-19944.0,-12372.0,-169.0,78.0,-321.0,6344.0,2056.0,-5620.0,-123.0,199.0,-89.0
104.84775567054749,3864.0,-20116.0,-12252.0,-533.0,-299.0,-524.0,6432.0,2300.0,-5572.0,-396.0,497.0,-11.0
104.96790027618408,4240.0,-19932.0,-12520.0,-242.0,-687.0,-669.0,6276.0,1924.0,-5764.0,-558.0,419.0,155.0
105.08915328979492,4448.0,-19832.0,-12720.0,-753.0,-915.0,-1041.0,6304.0,1616.0,-6020.0,-614.0,656.0,480.0
105.14745497703552,4600.0,-19744.0,-12728.0,-850.0,-961.0,-1320.0,6184.0,1976.0,-5884.0,-680.0,337.0,683.0
105.26964402198792,4704.0,-19628.0,-12944.0,-765.0,-1340.0,-1580.0,5928.0,2204.0,-6036.0,-1026.0,358.0,1014.0
105.38834309577942,5196.0,-19644.0,-13332.0,31.0,-1672.0,-1117.0,5772.0,2160.0,-5852.0,-1342.0,-124.0,1260.0
105.56815838813782,5288.0,-19484.0,-13668.0,302.0,-1908.0,-664.0,5588.0,1956.0,-6252.0,-1488.0,-514.0,1444.0
105.62949347496033,5600.0,-19420.0,-13956.0,721.0,-2008.0,-170.0,5352.0,1916.0,-6400.0,-1599.0,-770.0,1636.0
105.7477068901062,5656.0,-19568.0,-13956.0,1372.0,-1446.0,136.0,5236.0,1872.0,-6452.0,-1811.0,-1088.0,1902.0
105.74965786933899,5640.0,-19208.0,-14040.0,1273.0,-2623.0,-188.0,5252.0,1860.0,-6728.0,-2007.0,-1291.0,2339.0
105.92882370948792,5536.0,-19432.0,-14224.0,1582.0,-2918.0,-88.0,4972.0,2128.0,-6676.0,-2145.0,-1394.0,2428.0
105.98887372016907,5668.0,-19396.0,-14232.0,1964.0,-3109.0,180.0,4964.0,2112.0,-6692.0,-2310.0,-1703.0,2551.0
106.10753679275513,5648.0,-19316.0,-14436.0,2423.0,-3296.0,468.0,4832.0,2268.0,-6888.0,-2461.0,-2096.0,2787.0
106.16836094856262,5716.0,-19420.0,-14492.0,2422.0,-3357.0,600.0,4780.0,2084.0,-6928.0,-2548.0,-2253.0,2767.0
106.28764271736145,5584.0,-19428.0,-14500.0,2644.0,-3547.0,845.0,4812.0,2132.0,-6824.0,-2659.0,-2333.0,2876.0
106.3484582901001,5664.0,-19276.0,-14440.0,2687.0,-3257.0,1602.0,4888.0,2000.0,-7096.0,-2713.0,-2476.0,2812.0
106.46739482879639,5256.0,-19356.0,-14476.0,2598.0,-3589.0,1378.0,5028.0,2028.0,-7040.0,-2576.0,-2423.0,2890.0
106.58760023117065,5376.0,-19676.0,-14548.0,2490.0,-3584.0,1189.0,4788.0,1892.0,-7088.0,-2596.0,-2289.0,2912.0
106.65021562576294,5156.0,-19776.0,-14696.0,2236.0,-3258.0,1085.0,4756.0,2024.0,-6996.0,-2369.0,-2150.0,2459.0
106.827152967453,4728.0,-19780.0,-14360.0,1993.0,-3188.0,1052.0,4772.0,2128.0,-7028.0,-2172.0,-1991.0,2454.0
106.88904786109924,4928.0,-19700.0,-14712.0,1842.0,-2866.0,1001.0,4828.0,2016.0,-6984.0,-1941.0,-1886.0,2342.0
106.94755220413208,4672.0,-19912.0,-14320.0,1597.0,-2599.0,859.0,4872.0,2180.0,-6796.0,-1779.0,-1668.0,2024.0
107.07158136367798,4704.0,-20020.0,-14244.0,1572.0,-2217.0,795.0,4772.0,2140.0,-6876.0,-1649.0,-1515.0,1724.0
107.24804878234863,4492.0,-19972.0,-14292.0,1415.0,-2124.0,690.0,4848.0,2208.0,-6876.0,-1442.0,-1386.0,1471.0
107.248055934906,4284.0,-20136.0,-14276.0,1173.0,-1895.0,321.0,4744.0,2288.0,-6768.0,-1375.0,-1165.0,1289.0
107.3679449558258,4372.0,-20336.0,-14220.0,1259.0,-1704.0,227.0,4776.0,2304.0,-6820.0,-1306.0,-1132.0,1151.0
107.49493908882141,4200.0,-20264.0,-14056.0,973.0,-1556.0,306.0,4676.0,2456.0,-6640.0,-1122.0,-1041.0,1231.0
107.5480408668518,4340.0,-20144.0,-14040.0,1048.0,-1676.0,502.0,5184.0,2416.0,-6712.0,-1097.0,-1122.0,1335.0
107.66732573509216,4028.0,-20260.0,-14008.0,890.0,-1760.0,361.0,5084.0,2504.0,-6468.0,-1262.0,-1108.0,1193.0
107.7942590713501,4020.0,-20364.0,-13760.0,1099.0,-1949.0,177.0,4952.0,2744.0,-6208.0,-1537.0,-1056.0,1198.0
107.8470253944397,4360.0,-20260.0,-13980.0,1641.0,-2252.0,395.0,4828.0,2360.0,-6620.0,-1745.0,-1564.0,1430.0
107.96783971786499,4312.0,-20036.0,-14320.0,1047.0,-2011.0,622.0,4996.0,2208.0,-6632.0,-1419.0,-1235.0,1492.0
108.08836698532104,4216.0,-20256.0,-14096.0,748.0,-1861.0,541.0,5048.0,2308.0,-6716.0,-1137.0,-1029.0,1422.0
108.14774370193481,4184.0,-20296.0,-13932.0,902.0,-1922.0,421.0,4976.0,2288.0,-6624.0,-1186.0,-997.0,1464.0
108.27324390411377,4048.0,-20424.0,-14072.0,875.0,-1703.0,237.0,4884.0,2472.0,-6444.0,-1266.0,-834.0,1266.0
108.39154744148254,4048.0,-20388.0,-14260.0,1246.0,-1659.0,369.0,4832.0,2256.0,-6724.0,-1231.0,-1065.0,1134.0
108.44759392738342,3936.0,-20436.0,-14228.0,558.0,-1321.0,235.0,4900.0,2444.0,-6680.0,-993.0,-649.0,995.0
108.62797546386719,4148.0,-20448.0,-13972.0,811.0,-1092.0,170.0,4900.0,2188.0,-6548.0,-885.0,-697.0,716.0
108.68800663948059,4088.0,-20508.0,-14012.0,565.0,-774.0,318.0,4956.0,2260.0,-6636.0,-800.0,-438.0,432.0
108.74799990653992,4040.0,-20424.0,-13964.0,380.0,-513.0,659.0,5100.0,2060.0,-6668.0,-524.0,-395.0,147.0
108.86872291564941,3828.0,-20304.0,-13920.0,182.0,-93.0,197.0,5152.0,1980.0,-6728.0,-222.0,-182.0,-186.0
108.98783206939697,3996.0,-20460.0,-13952.0,194.0,-104.0,66.0,5132.0,1872.0,-6624.0,-256.0,-185.0,-408.0
109.05679297447205,3852.0,-20532.0,-14140.0,266.0,165.0,23.0,5180.0,1952.0,-6668.0,-100.0,-116.0,-606.0
109.17152833938599,3980.0,-20532.0,-13960.0,338.0,800.0,447.0,5288.0,1780.0,-6732.0,139.0,-173.0,-1175.0
109.2918004989624,3708.0,-20624.0,-13880.0,312.0,1088.0,140.0,5488.0,1664.0,-6440.0,511.0,-140.0,-1625.0
109.34757232666016,3600.0,-20824.0,-13696.0,458.0,1414.0,249.0,5496.0,1532.0,-6540.0,650.0,-85.0,-2090.0
109.46726775169373,3536.0,-20772.0,-13292.0,353.0,1900.0,257.0,6040.0,1160.0,-6544.0,811.0,-121.0,-2677.0
109.59170937538147,3244.0,-20716.0,-12968.0,790.0,2139.0,97.0,6176.0,1132.0,-6188.0,878.0,299.0,-3242.0
109.64875960350037,3364.0,-20212.0,-12568.0,1062.0,2138.0,205.0,6664.0,804.0,-6468.0,1193.0,326.0,-3168.0
109.76875686645508,3316.0,-20128.0,-12192.0,124.0,2753.0,180.0,6980.0,636.0,-6396.0,1804.0,669.0,-3100.0
109.88784909248352,2976.0,-20320.0,-11552.0,0.0,3172.0,152.0,7428.0,612.0,-5832.0,2128.0,874.0,-3066.0
109.9501576423645,2684.0,-20400.0,-11120.0,-150.0,3374.0,-107.0,7756.0,776.0,-5612.0,2035.0,1182.0,-3089.0
110.06760358810425,2576.0,-20352.0,-11080.0,-289.0,3527.0,-75.0,7904.0,676.0,-5540.0,2098.0,1499.0,-3115.0
110.18965911865234,2172.0,-20428.0,-10844.0,-953.0,3986.0,-315.0,8148.0,888.0,-5488.0,2185.0,2148.0,-3229.0
110.25147747993469,2004.0,-20356.0,-10672.0,-1045.0,3858.0,-661.0,7944.0,924.0,-5300.0,2185.0,2494.0,-3204.0
110.36915254592896,1912.0,-20448.0,-10640.0,-1691.0,4186.0,-931.0,8000.0,964.0,-5436.0,2321.0,2871.0,-2951.0
110.4881010055542,1768.0,-20612.0,-10576.0,-2343.0,4621.0,-1165.0,8044.0,1068.0,-5412.0,2492.0,3375.0,-2849.0
110.5487220287323,1620.0,-20772.0,-10532.0,-2219.0,4454.0,-1205.0,7912.0,1232.0,-5108.0,2370.0,3360.0,-3062.0
110.66827845573425,1516.0,-20920.0,-10736.0,-2145.0,4379.0,-1373.0,7772.0,1196.0,-5360.0,2221.0,3322.0,-3120.0
110.79243755340576,1760.0,-20892.0,-10932.0,-1954.0,4362.0,-1282.0,7524.0,1140.0,-5392.0,2181.0,3190.0,-3132.0
110.84753847122192,1724.0,-20780.0,-10864.0,-1962.0,4308.0,-1246.0,7468.0,984.0,-5492.0,2316.0,2935.0,-2960.0
110.96864604949951,1496.0,-20816.0,-10920.0,-2065.0,4344.0,-1168.0,7348.0,1392.0,-5360.0,2493.0,3009.0,-2826.0
111.15140843391418,1496.0,-20892.0,-10660.0,-2035.0,4466.0,-992.0,7420.0,1500.0,-5156.0,2509.0,3010.0,-2834.0
111.20695471763611,1276.0,-21056.0,-10668.0,-1873.0,4260.0,-1177.0,7220.0,1616.0,-5216.0,2392.0,2778.0,-2906.0
111.26736736297607,1272.0,-21124.0,-10952.0,-2077.0,4656.0,-1370.0,7252.0,1204.0,-5008.0,2714.0,2958.0,-3295.0
111.45111107826233,1800.0,-20976.0,-11180.0,-4881.0,8779.0,-1507.0,7172.0,1848.0,-5476.0,4669.0,4688.0,-4508.0
111.45125651359558,792.0,-21484.0,-11340.0,-1738.0,4261.0,-1339.0,6896.0,2196.0,-4832.0,2702.0,1842.0,-3089.0
111.56939959526062,1300.0,-20836.0,-11000.0,-2092.0,3962.0,-1177.0,7008.0,1920.0,-5440.0,2112.0,2555.0,-2558.0
111.68777060508728,1224.0,-21292.0,-11128.0,-1289.0,3176.0,-1280.0,6776.0,2112.0,-4940.0,1814.0,2125.0,-2352.0
111.75281310081482,1200.0,-21076.0,-10980.0,-522.0,2932.0,-1678.0,6612.0,2280.0,-5128.0,1540.0,1895.0,-1773.0
111.87304830551147,1836.0,-20300.0,-10932.0,2115.0,749.0,-3385.0,5800.0,1692.0,-4132.0,2762.0,912.0,484.0
112.04933404922485,1772.0,-21100.0,-9576.0,680.0,-49.0,-2301.0,6716.0,4428.0,-2504.0,3242.0,2831.0,2471.0
112.04958510398865,272.0,-21684.0,-8828.0,3542.0,-2520.0,2348.0,3548.0,6444.0,-856.0,4775.0,2922.0,6155.0
112.17053055763245,-2156.0,-21616.0,-8252.0,4194.0,6230.0,11596.0,2144.0,8648.0,-1924.0,6210.0,-5106.0,11753.0
112.28951597213745,-5624.0,-21372.0,-8708.0,5926.0,-319.0,16294.0,2952.0,11308.0,-5372.0,4058.0,-3848.0,14357.0
112.40845942497253,-6844.0,-21800.0,-8924.0,3454.0,-4195.0,17135.0,5316.0,11556.0,-5676.0,1478.0,-3770.0,12803.0
112.46772813796997,-7156.0,-21388.0,-7732.0,3287.0,-3989.0,16573.0,8092.0,11112.0,-4436.0,-2310.0,-6664.0,4014.0
112.59050464630127,-6260.0,-18744.0,-6528.0,3093.0,-5638.0,12476.0,8728.0,6116.0,-2876.0,-5833.0,-6391.0,-2594.0
112.64811420440674,-5112.0,-16932.0,-5120.0,771.0,-3606.0,5114.0,9660.0,4388.0,-1064.0,-3900.0,-4825.0,-1948.0
112.76950454711914,-9392.0,-17756.0,-2972.0,-533.0,6563.0,736.0,12288.0,10276.0,-2312.0,1733.0,2684.0,-94.0
112.9481463432312,-11216.0,-17564.0,-5708.0,1391.0,-2401.0,258.0,8884.0,9988.0,-928.0,173.0,734.0,970.0
113.02968287467957,-9444.0,-17600.0,-5776.0,-2154.0,1117.0,-544.0,9832.0,9264.0,-1312.0,670.0,2735.0,932.0
113.12817335128784,-11364.0,-18060.0,-5224.0,-1619.0,-206.0,-423.0,9892.0,10112.0,-96.0,583.0,2339.0,855.0
113.1894154548645,-11040.0,-17776.0,-5828.0,-818.0,334.0,33.0,9000.0,10392.0,-676.0,33.0,268.0,573.0
113.30704998970032,-10532.0,-17832.0,-6104.0,-547.0,-100.0,146.0,9684.0,9732.0,-932.0,138.0,-1014.0,192.0
113.36922597885132,-11144.0,-17840.0,-6036.0,-671.0,777.0,344.0,9148.0,9908.0,-972.0,82.0,-84.0,41.0
113.48788690567017,-10904.0,-17520.0,-5848.0,-127.0,112.0,252.0,9852.0,9980.0,-888.0,108.0,-630.0,-67.0
113.54930067062378,-10792.0,-17972.0,-5916.0,59.0,25.0,-18.0,10212.0,9712.0,-972.0,-54.0,-634.0,-98.0
